Date,Open,High,Low,Close,Adj Close,Volume,Day,Month,Year,Quarter
15-03-2024,166,168.699997,153.600006,161,161,108719847,15,3,2024,Q1
14-03-2024,161.25,171.399994,160.600006,170.350006,170.350006,25912125,14,3,2024,Q1
13-03-2024,173,173.899994,161.75,163.350006,163.350006,26725350,13,3,2024,Q1
12-03-2024,175,175.899994,171.449997,172.899994,172.899994,20208400,12,3,2024,Q1
11-03-2024,173.949997,177.5,172.100006,174.25,174.25,22843402,11,3,2024,Q1
07-03-2024,177.350006,178.350006,174,174.600006,174.600006,17880714,7,3,2024,Q1
06-03-2024,176.199997,178.199997,172.100006,177.350006,177.350006,37730619,6,3,2024,Q1
05-03-2024,176.449997,177.300003,174.550003,175.850006,175.850006,21719198,5,3,2024,Q1
04-03-2024,172.199997,176.449997,170.5,175.25,175.25,28643745,4,3,2024,Q1
01-03-2024,167.949997,171.800003,167.399994,169.399994,169.399994,33401242,1,3,2024,Q1
29-02-2024,167.399994,168.449997,164.350006,165.550003,165.550003,52797150,29,2,2024,Q1
28-02-2024,172.5,173.449997,166.699997,167.399994,167.399994,35971734,28,2,2024,Q1
27-02-2024,177.5,178.350006,172.100006,173.25,173.25,27603342,27,2,2024,Q1
26-02-2024,175.899994,178.800003,172.550003,177.5,177.5,36264939,26,2,2024,Q1
23-02-2024,179.699997,180.699997,175.050003,175.850006,175.850006,31342100,23,2,2024,Q1
22-02-2024,181.5,181.5,175.399994,179.699997,179.699997,39618423,22,2,2024,Q1
21-02-2024,189.600006,190.699997,181.100006,182.300003,182.300003,22131487,21,2,2024,Q1
20-02-2024,187.5,189.699997,183.800003,188.75,188.75,34936800,20,2,2024,Q1
19-02-2024,188.600006,190.899994,186.399994,188.5,188.5,30664067,19,2,2024,Q1
16-02-2024,190,194.100006,186.149994,187,187,54056644,16,2,2024,Q1
15-02-2024,185,191.350006,183.5,189.850006,189.850006,70678699,15,2,2024,Q1
14-02-2024,173,184.350006,170.899994,183.550003,183.550003,52764452,14,2,2024,Q1
13-02-2024,174.949997,177.449997,172.350006,174.449997,174.449997,37121416,13,2,2024,Q1
12-02-2024,182.5,184.350006,173.149994,175.399994,175.399994,54071070,12,2,2024,Q1
09-02-2024,193.399994,193.850006,177.75,182.5,182.5,84137345,9,2,2024,Q1
08-02-2024,187.899994,196.800003,186.75,192.399994,192.399994,83103687,8,2,2024,Q1
07-02-2024,188.199997,192.649994,185.050003,186.449997,186.449997,82890137,7,2,2024,Q1
06-02-2024,176.550003,186,171.350006,184.5,184.5,97077698,6,2,2024,Q1
05-02-2024,167.949997,177.199997,164.699997,173.949997,173.949997,101043319,5,2,2024,Q1
02-02-2024,151.899994,166.800003,151.050003,162.899994,162.899994,94675914,2,2,2024,Q1
01-02-2024,148.5,150.699997,147.050003,149.75,149.75,27883335,1,2,2024,Q1
31-01-2024,147.800003,150.100006,146.100006,146.949997,146.949997,27393172,31,1,2024,Q1
30-01-2024,148.399994,152.199997,146.5,147.699997,147.699997,41378967,30,1,2024,Q1
29-01-2024,143.699997,148.399994,143.5,146.699997,146.699997,28420760,29,1,2024,Q1
25-01-2024,145.899994,145.899994,142,143.699997,143.699997,38252600,25,1,2024,Q1
24-01-2024,138.949997,145.25,138.050003,143.449997,143.449997,40122151,24,1,2024,Q1
23-01-2024,151.5,151.800003,137.850006,138.949997,138.949997,38167576,23,1,2024,Q1
19-01-2024,145.100006,149.300003,143.800003,148.649994,148.649994,23970656,19,1,2024,Q1
18-01-2024,143.800003,145.649994,139.899994,144.5,144.5,26958686,18,1,2024,Q1
17-01-2024,143,145.399994,141.550003,144.100006,144.100006,43031636,17,1,2024,Q1
16-01-2024,138.25,144.350006,137.5,143.600006,143.600006,54350562,16,1,2024,Q1
15-01-2024,136.449997,138,135.199997,137.649994,137.649994,22824583,15,1,2024,Q1
12-01-2024,133.449997,135.850006,132.75,135.300003,135.300003,24471509,12,1,2024,Q1
11-01-2024,131.350006,133.899994,131.100006,133.25,133.25,21653666,11,1,2024,Q1
10-01-2024,130.949997,131,128.5,130.550003,130.550003,17547639,10,1,2024,Q1
09-01-2024,134.899994,134.899994,131.550003,131.899994,131.899994,15051378,9,1,2024,Q1
08-01-2024,134,136.100006,132.25,132.649994,132.649994,26199907,8,1,2024,Q1
05-01-2024,132.800003,134.600006,131.550003,132.699997,132.699997,21903222,5,1,2024,Q1
04-01-2024,132,132,128.800003,131.199997,131.199997,23880980,4,1,2024,Q1
03-01-2024,130.550003,133.850006,130.300003,132.699997,132.699997,24221613,3,1,2024,Q1
02-01-2024,131,131.449997,128.600006,130.550003,130.550003,17271309,2,1,2024,Q1
01-01-2024,132.100006,132.5,130,130.300003,130.300003,18629028,1,1,2024,Q1
29-12-2023,129.699997,132.050003,128.300003,129.850006,129.850006,30650133,29,12,2023,Q4
28-12-2023,127,133.949997,126.5,133.25,133.25,54672874,28,12,2023,Q4
27-12-2023,128.399994,128.899994,125.449997,126.599998,126.599998,16455934,27,12,2023,Q4
26-12-2023,123.900002,128.5,123.599998,128.050003,128.050003,30770511,26,12,2023,Q4
22-12-2023,124.25,125,122.099998,123.699997,123.699997,12915880,22,12,2023,Q4
21-12-2023,118,124.5,117.349998,124.150002,124.150002,20805929,21,12,2023,Q4
20-12-2023,125.599998,126.400002,119,120.050003,120.050003,27660494,20,12,2023,Q4
19-12-2023,125,125.949997,124.199997,124.699997,124.699997,22074723,19,12,2023,Q4
18-12-2023,124.449997,125.800003,123.199997,124.349998,124.349998,19345644,18,12,2023,Q4
15-12-2023,120.300003,124.949997,119.650002,123.800003,123.800003,43200717,15,12,2023,Q4
14-12-2023,120.5,120.5,119.349998,120.099998,120.099998,20038925,14,12,2023,Q4
13-12-2023,118.5,119.849998,118.050003,119.650002,119.650002,23660687,13,12,2023,Q4
12-12-2023,118,118.900002,116.900002,117.550003,117.550003,15735665,12,12,2023,Q4
11-12-2023,119.900002,121,116.599998,117.5,117.5,28917089,11,12,2023,Q4
08-12-2023,122.150002,122.449997,117.349998,118.800003,118.800003,22610433,8,12,2023,Q4
07-12-2023,120.300003,122.5,119.550003,121.349998,121.349998,38173544,7,12,2023,Q4
06-12-2023,118.800003,119.949997,117.400002,119.300003,119.300003,31094949,6,12,2023,Q4
05-12-2023,120,120,115.599998,117.699997,117.699997,47272168,5,12,2023,Q4
04-12-2023,114.5,118.150002,113.099998,115.900002,115.900002,50645500,4,12,2023,Q4
01-12-2023,112.849998,113.949997,110.599998,111.25,111.25,24131009,1,12,2023,Q4
30-11-2023,108.550003,112.5,107.099998,111.75,111.75,46269884,30,11,2023,Q4
29-11-2023,108.699997,109.75,107.449997,108.550003,108.550003,36828919,29,11,2023,Q4
28-11-2023,104.699997,108.599998,104.099998,108.199997,108.199997,61127565,28,11,2023,Q4
24-11-2023,104.099998,105.300003,103,103.449997,103.449997,26009963,24,11,2023,Q4
23-11-2023,102,104.199997,100.75,103.800003,103.800003,18589035,23,11,2023,Q4
22-11-2023,101,102.699997,100.349998,101.25,101.25,16652996,22,11,2023,Q4
21-11-2023,103,103.199997,100.849998,101.050003,101.050003,20429383,21,11,2023,Q4
20-11-2023,103,103.949997,102,102.849998,102.849998,16980763,20,11,2023,Q4
17-11-2023,105,106.300003,101.5,102.699997,102.699997,50796419,17,11,2023,Q4
16-11-2023,102,105.150002,101.699997,104.099998,104.099998,43421272,16,11,2023,Q4
15-11-2023,100,102,99.150002,101.699997,101.699997,35721107,15,11,2023,Q4
13-11-2023,98.300003,99.25,97.550003,99,99,23502134,13,11,2023,Q4
10-11-2023,97.849998,98.849998,97.400002,98.050003,98.050003,28403392,10,11,2023,Q4
09-11-2023,104.099998,104.5,102.5,102.949997,97.949997,32091128,9,11,2023,Q4
08-11-2023,105.400002,106.900002,103.050003,103.449997,98.425713,69412828,8,11,2023,Q4
07-11-2023,100,104.300003,98.75,104.050003,98.996574,79534919,7,11,2023,Q4
06-11-2023,97,100.5,96.599998,99,94.191841,63500708,6,11,2023,Q4
03-11-2023,96.5,96.75,95.400002,95.900002,91.242401,34490201,3,11,2023,Q4
02-11-2023,93.849998,96.5,93.300003,95.050003,90.433685,63995437,2,11,2023,Q4
01-11-2023,92,93,90.449997,92.449997,87.959953,54027867,1,11,2023,Q4
31-10-2023,89,90,87.650002,89.699997,85.343513,29025469,31,10,2023,Q4
30-10-2023,87.449997,88.599998,86.75,88.25,83.963936,10175983,30,10,2023,Q4
27-10-2023,86.550003,87.5,86.550003,86.900002,82.679504,6454064,27,10,2023,Q4
26-10-2023,87.550003,87.800003,85.5,86.199997,82.013496,10108394,26,10,2023,Q4
25-10-2023,88.449997,89.199997,86.800003,87.599998,83.345505,9057651,25,10,2023,Q4
23-10-2023,90.300003,90.300003,87.650002,87.949997,83.678505,9592121,23,10,2023,Q4
20-10-2023,90.550003,90.849998,89.5,90.300003,85.914375,8772287,20,10,2023,Q4
19-10-2023,90.150002,90.900002,90.099998,90.650002,86.247375,6724121,19,10,2023,Q4
18-10-2023,92.5,92.5,90.5,90.75,86.342522,11466227,18,10,2023,Q4
17-10-2023,91,92.300003,90.75,91.849998,87.389091,13355267,17,10,2023,Q4
16-10-2023,91,91.150002,90.199997,90.900002,86.485237,8631278,16,10,2023,Q4
13-10-2023,90.300003,91.25,90.050003,90.849998,86.43766,12881848,13,10,2023,Q4
12-10-2023,89.849998,90.699997,89.849998,90.300003,85.914375,9922340,12,10,2023,Q4
11-10-2023,89,90.25,88.650002,89.699997,85.343513,12124613,11,10,2023,Q4
10-10-2023,87.449997,88.550003,87.300003,88.349998,84.059074,9460129,10,10,2023,Q4
09-10-2023,88.449997,88.599998,87,87.449997,83.202789,10345543,9,10,2023,Q4
06-10-2023,90,90,89.349998,89.75,85.391083,8500414,6,10,2023,Q4
05-10-2023,90.449997,90.75,89.199997,89.650002,85.295944,9293183,5,10,2023,Q4
04-10-2023,90,90.150002,88.699997,89.099998,84.772652,10554372,4,10,2023,Q4
03-10-2023,91.400002,91.400002,89.800003,90,85.628944,12491467,3,10,2023,Q4
29-09-2023,90.599998,91.150002,90.25,90.949997,86.532799,7353379,29,9,2023,Q3
28-09-2023,90.800003,91.400002,89.5,89.800003,85.43866,17116633,28,9,2023,Q3
27-09-2023,92.050003,92.400002,90.099998,90.400002,86.009521,17576586,27,9,2023,Q3
26-09-2023,92.199997,92.800003,91.900002,92,87.531807,8786944,26,9,2023,Q3
25-09-2023,92.5,92.599998,91.800003,91.949997,87.484238,10885789,25,9,2023,Q3
22-09-2023,92.800003,93.349998,92,92.25,87.769669,10983768,22,9,2023,Q3
21-09-2023,91.900002,93.150002,91.800003,92.75,88.245384,15173388,21,9,2023,Q3
20-09-2023,92.449997,92.949997,91.400002,91.849998,87.389091,18228395,20,9,2023,Q3
18-09-2023,92.800003,93.400002,91.800003,92.599998,88.102669,17302409,18,9,2023,Q3
15-09-2023,94.349998,94.550003,91.75,91.949997,87.484238,35184771,15,9,2023,Q3
14-09-2023,93.599998,95.099998,93.150002,94.650002,90.053108,16430876,14,9,2023,Q3
13-09-2023,91.900002,93.5,91.349998,93.099998,88.578384,11716054,13,9,2023,Q3
12-09-2023,95.900002,95.900002,91.349998,91.550003,87.103668,21373206,12,9,2023,Q3
11-09-2023,95.5,96,94.099998,95.199997,90.576393,23997873,11,9,2023,Q3
08-09-2023,92.199997,94.949997,91.550003,94,89.434677,29294769,8,9,2023,Q3
07-09-2023,91.449997,91.900002,91.050003,91.699997,87.246376,7697172,7,9,2023,Q3
06-09-2023,91.449997,91.699997,90.5,91.349998,86.913376,8805552,6,9,2023,Q3
05-09-2023,90.550003,91.699997,90.400002,91.349998,86.913376,12849665,5,9,2023,Q3
04-09-2023,89.300003,90.5,89.300003,90.050003,85.676521,13063008,4,9,2023,Q3
01-09-2023,89.349998,90,88.75,89.050003,84.725082,14735373,1,9,2023,Q3
31-08-2023,90.75,91.550003,88.949997,89.099998,84.772652,15918998,31,8,2023,Q3
30-08-2023,91.5,91.5,90.599998,90.75,86.342522,10926964,30,8,2023,Q3
29-08-2023,92.050003,92.400002,91.599998,91.900002,87.436668,6510089,29,8,2023,Q3
28-08-2023,92.25,92.5,91.699997,91.900002,87.436668,6866040,28,8,2023,Q3
25-08-2023,91.949997,93.199997,91.650002,91.800003,87.341522,7021529,25,8,2023,Q3
24-08-2023,91.699997,93.25,91.550003,92.25,87.769669,9936618,24,8,2023,Q3
23-08-2023,91.849998,92,91.199997,91.300003,86.865807,6805550,23,8,2023,Q3
22-08-2023,92.400002,92.400002,91.650002,91.849998,87.389091,5274379,22,8,2023,Q3
21-08-2023,91.300003,92.150002,90.75,92,87.531807,7450923,21,8,2023,Q3
18-08-2023,92.150002,92.349998,91.099998,91.400002,86.960953,7603578,18,8,2023,Q3
17-08-2023,93.300003,93.5,92,92.25,87.769669,6856243,17,8,2023,Q3
16-08-2023,92.599998,93.449997,92.050003,93.300003,88.768677,7026509,16,8,2023,Q3
14-08-2023,93.5,93.550003,91.5,92.599998,88.102669,6762888,14,8,2023,Q3
11-08-2023,94,94.300003,93.349998,93.5,88.958961,9294868,11,8,2023,Q3
10-08-2023,93.900002,94.300003,93.5,93.849998,89.291962,6480305,10,8,2023,Q3
09-08-2023,92.449997,94.050003,92.199997,93.900002,89.339531,9339961,9,8,2023,Q3
08-08-2023,93,93.449997,91.949997,92.349998,87.864807,14652588,8,8,2023,Q3
07-08-2023,92.449997,93,92,92.849998,88.340523,6947500,7,8,2023,Q3
04-08-2023,93.550003,93.900002,92.050003,92.300003,87.817238,10743670,4,8,2023,Q3
03-08-2023,93.900002,94.199997,93.150002,93.5,88.958961,8703991,3,8,2023,Q3
02-08-2023,94.400002,94.650002,93,93.849998,89.291962,16780965,2,8,2023,Q3
01-08-2023,93.800003,94.75,93.300003,94,89.434677,16132927,1,8,2023,Q3
31-07-2023,96,96.199997,93,93.75,89.196815,25418124,31,7,2023,Q3
28-07-2023,96.199997,96.599998,94.25,95.25,90.623962,27278447,28,7,2023,Q3
27-07-2023,100.400002,100.449997,98.099998,98.599998,90.956963,16349608,27,7,2023,Q3
26-07-2023,99.849998,100.199997,98.849998,99.599998,91.879448,14912431,26,7,2023,Q3
25-07-2023,99.949997,100.25,98.699997,99,91.325958,11983867,25,7,2023,Q3
24-07-2023,99.800003,100.699997,99.5,99.849998,92.110069,19073238,24,7,2023,Q3
21-07-2023,98.849998,99.849998,98.599998,99.349998,91.648827,18598910,21,7,2023,Q3
20-07-2023,98.699997,99.300003,98.449997,98.75,91.095337,8940131,20,7,2023,Q3
19-07-2023,98,99.050003,97.699997,98.25,90.634102,15283446,19,7,2023,Q3
18-07-2023,98.050003,98.400002,97.199997,97.599998,90.034477,9527821,18,7,2023,Q3
17-07-2023,97.400002,97.900002,96.900002,97.349998,89.803856,19126927,17,7,2023,Q3
14-07-2023,96.5,97.650002,95.800003,96.599998,89.112,24048036,14,7,2023,Q3
13-07-2023,98.400002,98.699997,96,96.199997,88.742996,11491737,13,7,2023,Q3
12-07-2023,98.25,99.349998,97.699997,97.900002,90.311234,14979586,12,7,2023,Q3
11-07-2023,97.800003,98.900002,96.900002,98.099998,90.49572,17508261,11,7,2023,Q3
10-07-2023,101,101.449997,97.099998,97.400002,89.849991,24042759,10,7,2023,Q3
07-07-2023,99.449997,101.25,98.800003,99.199997,91.510452,37546405,7,7,2023,Q3
06-07-2023,96,98.800003,96,98.599998,90.956963,32778334,6,7,2023,Q3
05-07-2023,95.150002,95.699997,93.400002,95.5,88.097267,14283796,5,7,2023,Q3
04-07-2023,96,96.400002,94.349998,94.650002,87.313156,11918401,4,7,2023,Q3
03-07-2023,91.599998,96.099998,91.300003,95.25,87.866646,32972732,3,7,2023,Q3
30-06-2023,90.949997,91.949997,90.650002,91.300003,84.222832,12595671,30,6,2023,Q2
28-06-2023,89.699997,91.150002,89,90.650002,83.623222,14388441,28,6,2023,Q2
27-06-2023,89.75,90.5,88.900002,89.349998,82.423988,10668117,27,6,2023,Q2
26-06-2023,89.300003,89.949997,88.699997,89.550003,82.608482,10963542,26,6,2023,Q2
23-06-2023,92.300003,92.400002,88.849998,89.300003,82.377861,18134295,23,6,2023,Q2
22-06-2023,92,92.849998,91.75,92,84.868568,9694937,22,6,2023,Q2
21-06-2023,91.949997,92.849998,91.699997,92,84.868568,9499893,21,6,2023,Q2
20-06-2023,91.900002,92.599998,91.300003,91.900002,84.776329,9394894,20,6,2023,Q2
19-06-2023,92.150002,92.849998,91.650002,91.900002,84.776329,6800507,19,6,2023,Q2
16-06-2023,93,93.199997,91.900002,92.150002,85.00695,15146569,16,6,2023,Q2
15-06-2023,93.300003,93.699997,92.599998,92.900002,85.698807,8742159,15,6,2023,Q2
14-06-2023,92.199997,93.5,92,93.150002,85.929428,19246845,14,6,2023,Q2
13-06-2023,92.849998,93.099998,91.699997,91.900002,84.776329,19796495,13,6,2023,Q2
12-06-2023,90.699997,92,90.199997,91.849998,84.730194,10813997,12,6,2023,Q2
09-06-2023,90.199997,91.650002,90.150002,90.300003,83.300346,9921823,9,6,2023,Q2
08-06-2023,90.75,90.849998,89.699997,90.050003,83.069725,10809055,8,6,2023,Q2
07-06-2023,89.550003,91.099998,89.5,90.849998,83.807709,11403972,7,6,2023,Q2
06-06-2023,89.400002,89.800003,88.849998,89.400002,82.470108,5740801,6,6,2023,Q2
05-06-2023,89.900002,90,88.650002,89.25,82.331741,9227005,5,6,2023,Q2
02-06-2023,90.5,90.900002,89.699997,89.800003,82.839104,7123634,2,6,2023,Q2
01-06-2023,90.5,91.150002,89.900002,90.5,83.484848,11770478,1,6,2023,Q2
31-05-2023,90.400002,91.400002,89.550003,90,83.023605,17157711,31,5,2023,Q2
30-05-2023,90,90.949997,89.800003,90.300003,83.300346,9269698,30,5,2023,Q2
29-05-2023,90.300003,90.449997,89.400002,90.050003,83.069725,6891927,29,5,2023,Q2
26-05-2023,89.199997,90.300003,89,90.199997,83.208092,9846321,26,5,2023,Q2
25-05-2023,89.849998,89.849998,88.599998,89.150002,82.239487,9684940,25,5,2023,Q2
24-05-2023,89.099998,89.900002,88.75,89.650002,82.700729,19866440,24,5,2023,Q2
23-05-2023,87.449997,89.900002,86.75,89,82.10112,27392800,23,5,2023,Q2
22-05-2023,86.050003,87.300003,85.300003,87.150002,80.394516,9226502,22,5,2023,Q2
19-05-2023,86,86.25,84.800003,86.050003,79.379791,11201198,19,5,2023,Q2
18-05-2023,87.599998,87.75,85.800003,86,79.333664,16119484,18,5,2023,Q2
17-05-2023,87.800003,88.599998,87.300003,87.550003,80.763512,20861152,17,5,2023,Q2
16-05-2023,85.400002,87.650002,85,87,80.256149,44298431,16,5,2023,Q2
15-05-2023,83.800003,84.550003,83.550003,84.199997,77.673187,7167177,15,5,2023,Q2
12-05-2023,83.849998,84.150002,83.349998,83.550003,77.073578,4700410,12,5,2023,Q2
11-05-2023,84.300003,84.449997,83.800003,83.949997,77.442566,4455253,11,5,2023,Q2
10-05-2023,84.5,84.599998,83.849998,84.25,77.719315,7349573,10,5,2023,Q2
09-05-2023,83.75,84.300003,83.5,84,77.488693,7286472,9,5,2023,Q2
08-05-2023,83,83.449997,82.400002,83.25,76.796829,6051050,8,5,2023,Q2
05-05-2023,83.300003,83.449997,82.400002,82.800003,76.381714,5895640,5,5,2023,Q2
04-05-2023,83.099998,84.5,82.900002,83.300003,76.842957,15811123,4,5,2023,Q2
03-05-2023,82.449997,83.599998,82.449997,82.699997,76.289459,12067736,3,5,2023,Q2
02-05-2023,81.75,82.699997,81.400002,82.150002,75.782097,11768608,2,5,2023,Q2
28-04-2023,80.949997,81.550003,80.400002,81.400002,75.090233,11996476,28,4,2023,Q2
27-04-2023,78.550003,80.75,78.550003,80.449997,74.213867,17036886,27,4,2023,Q2
26-04-2023,78.349998,78.849998,78.150002,78.449997,72.368904,5090493,26,4,2023,Q2
25-04-2023,78.25,78.849998,78.050003,78.449997,72.368904,4656411,25,4,2023,Q2
24-04-2023,78.300003,78.599998,77.949997,78.25,72.18441,7060879,24,4,2023,Q2
21-04-2023,78.75,78.75,77.849998,78.25,72.18441,5001767,21,4,2023,Q2
20-04-2023,78.900002,79.099998,78.099998,78.199997,72.138283,7789377,20,4,2023,Q2
19-04-2023,77.949997,78.75,77.699997,78.550003,72.461151,7940271,19,4,2023,Q2
18-04-2023,77.199997,78.099998,77.199997,78,71.953789,5096362,18,4,2023,Q2
17-04-2023,77.199997,77.449997,76.800003,77.25,71.261925,7736935,17,4,2023,Q2
13-04-2023,78,78.150002,77,77.199997,71.215797,6411454,13,4,2023,Q2
12-04-2023,77.900002,78.199997,77.550003,78,71.953789,4182972,12,4,2023,Q2
11-04-2023,77.800003,78.099998,77.650002,77.900002,71.861534,2998570,11,4,2023,Q2
10-04-2023,77.699997,78.199997,77.400002,77.800003,71.769295,5706517,10,4,2023,Q2
06-04-2023,77.150002,77.849998,76.900002,77.699997,71.67704,5063531,6,4,2023,Q2
05-04-2023,78.050003,78.25,77,77.150002,71.16967,6867318,5,4,2023,Q2
03-04-2023,77.25,78.25,76.900002,77.5,71.492546,11416090,3,4,2023,Q2
31-03-2023,77.300003,78.349998,77.199997,77.900002,71.861534,9748505,31,3,2023,Q1
29-03-2023,76.849998,77.550003,76.650002,76.900002,70.939049,9921198,29,3,2023,Q1
28-03-2023,76.900002,77.400002,75.75,76.900002,70.939049,7446988,28,3,2023,Q1
27-03-2023,78,78.400002,76.75,77.099998,71.12355,4845906,27,3,2023,Q1
24-03-2023,78.849998,79.199997,78,78.400002,72.322777,10269895,24,3,2023,Q1
23-03-2023,79.349998,79.599998,78.800003,79,72.876274,7065528,23,3,2023,Q1
22-03-2023,79.800003,79.949997,79.099998,79.599998,73.429764,8162089,22,3,2023,Q1
21-03-2023,80.800003,81.150002,79.300003,79.550003,73.383636,9942587,21,3,2023,Q1
20-03-2023,79.199997,80.699997,78.699997,80.599998,74.352249,18090005,20,3,2023,Q1
17-03-2023,80.599998,80.849998,78.849998,79.300003,73.153015,22904016,17,3,2023,Q1
16-03-2023,79,80.449997,78.75,79.900002,73.706505,27348566,16,3,2023,Q1
15-03-2023,78.25,79.050003,78,78.599998,72.507278,8183051,15,3,2023,Q1
14-03-2023,77.849998,78.099998,77.25,77.699997,71.67704,8316642,14,3,2023,Q1
13-03-2023,78.5,78.900002,77.650002,77.800003,71.769295,7151999,13,3,2023,Q1
10-03-2023,78.5,79.25,77.5,78.900002,72.784019,6305111,10,3,2023,Q1
09-03-2023,79.300003,79.449997,78.550003,78.699997,72.599525,6135751,9,3,2023,Q1
08-03-2023,78.75,79.349998,78.5,79.199997,73.060768,5969771,8,3,2023,Q1
06-03-2023,78.300003,79.800003,78.050003,79.25,73.106895,8582554,6,3,2023,Q1
03-03-2023,78.150002,78.449997,77.699997,78.199997,72.138283,5522499,3,3,2023,Q1
02-03-2023,77,78.150002,76.800003,77.900002,71.861534,5273986,2,3,2023,Q1
01-03-2023,76,77.199997,75.849998,76.949997,70.985176,6694749,1,3,2023,Q1
28-02-2023,76.900002,77.050003,75.800003,76.050003,70.154945,10000095,28,2,2023,Q1
27-02-2023,77.349998,77.400002,76.199997,76.849998,70.892929,6945215,27,2,2023,Q1
24-02-2023,77.5,77.650002,77.099998,77.349998,71.354172,6103178,24,2,2023,Q1
23-02-2023,77.699997,77.900002,76.75,77.199997,71.215797,6290065,23,2,2023,Q1
22-02-2023,78.650002,78.800003,77.099998,77.300003,71.308052,9878001,22,2,2023,Q1
21-02-2023,80,80.25,79,79.199997,73.060768,4633296,21,2,2023,Q1
20-02-2023,80.699997,80.949997,79.300003,79.550003,73.383636,6867570,20,2,2023,Q1
17-02-2023,79.900002,81.050003,79.599998,80.550003,74.306122,9145422,17,2,2023,Q1
16-02-2023,79.849998,80.050003,79.199997,79.800003,73.614258,8603036,16,2,2023,Q1
15-02-2023,78.449997,79.75,78.449997,79.5,73.337517,3686045,15,2,2023,Q1
14-02-2023,79.449997,79.849998,78.650002,79.150002,73.014641,5013825,14,2,2023,Q1
13-02-2023,80,80.25,79.25,79.5,73.337517,6470826,13,2,2023,Q1
10-02-2023,79.650002,80.449997,79.5,79.800003,73.614258,6286269,10,2,2023,Q1
09-02-2023,79.199997,80.699997,78.900002,79.599998,73.429764,8609974,9,2,2023,Q1
08-02-2023,79,79.400002,78.300003,79.25,73.106895,6093832,8,2,2023,Q1
07-02-2023,79.25,79.75,78.650002,79.050003,72.922394,6876198,7,2,2023,Q1
06-02-2023,78.5,79.599998,78.099998,79.25,73.106895,9507602,6,2,2023,Q1
03-02-2023,78.900002,78.900002,76.900002,78.449997,72.368904,11116563,3,2,2023,Q1
02-02-2023,79.599998,80,78.150002,78.550003,72.461151,10817457,2,2,2023,Q1
01-02-2023,81.699997,81.949997,78.349998,79.800003,73.614258,20031377,1,2,2023,Q1
31-01-2023,82.5,83.300003,81.150002,81.75,75.413109,21752061,31,1,2023,Q1
30-01-2023,81,82.5,80.400002,81.75,75.413109,10783051,30,1,2023,Q1
27-01-2023,82.550003,83.050003,80,81,74.721245,10838959,27,1,2023,Q1
25-01-2023,82.900002,83.400002,82.300003,82.5,76.104973,8188678,25,1,2023,Q1
24-01-2023,83.800003,83.800003,82.699997,83.150002,76.704582,7069973,24,1,2023,Q1
23-01-2023,83.150002,83.599998,82.599998,83.449997,76.981323,6972772,23,1,2023,Q1
20-01-2023,83.199997,83.550003,82.75,82.900002,76.473961,9411562,20,1,2023,Q1
19-01-2023,82.150002,83.400002,81.900002,83.25,76.796829,9857262,19,1,2023,Q1
18-01-2023,81.449997,82.900002,81.25,82.150002,75.782097,7980164,18,1,2023,Q1
17-01-2023,82.300003,82.699997,81,81.599998,75.274727,8776414,17,1,2023,Q1
16-01-2023,82.449997,82.699997,81.75,82.25,75.874352,9367702,16,1,2023,Q1
13-01-2023,81.550003,82.449997,81.099998,82.300003,75.920471,8018070,13,1,2023,Q1
12-01-2023,83.75,83.900002,81.199997,81.599998,75.274727,16440461,12,1,2023,Q1
11-01-2023,80.849998,84.050003,80.599998,83.550003,77.073578,44099830,11,1,2023,Q1
10-01-2023,80.550003,80.800003,79.699997,80.599998,74.352249,11953196,10,1,2023,Q1
09-01-2023,80.849998,81,79.650002,80.099998,73.891006,16438468,9,1,2023,Q1
06-01-2023,79.300003,80.800003,79,80.050003,73.844879,19075518,6,1,2023,Q1
05-01-2023,78.75,79.25,78.349998,79.099998,72.968521,14449439,5,1,2023,Q1
04-01-2023,78.900002,79.5,77.400002,78.099998,72.046036,11974831,4,1,2023,Q1
03-01-2023,78,78.900002,77.699997,78.5,72.415031,11509540,3,1,2023,Q1
02-01-2023,77,78.550003,76.449997,78,71.953789,16878293,2,1,2023,Q1
30-12-2022,75.199997,77.5,75.199997,76.5,70.570061,15567911,30,12,2022,Q4
29-12-2022,74.800003,75.150002,74.099998,74.75,68.955719,10191269,29,12,2022,Q4
28-12-2022,74.849998,75.150002,74.449997,74.800003,69.001839,6599386,28,12,2022,Q4
27-12-2022,74.900002,75.199997,74.349998,75.099998,69.27858,5815217,27,12,2022,Q4
26-12-2022,73,74.599998,72.349998,74.400002,68.632843,9571856,26,12,2022,Q4
23-12-2022,74.599998,75.099998,72.800003,73,67.34137,15286836,23,12,2022,Q4
22-12-2022,76.400002,76.75,74.650002,75.099998,69.27858,15215404,22,12,2022,Q4
21-12-2022,77.800003,78.150002,76.150002,76.400002,70.477814,8618706,21,12,2022,Q4
20-12-2022,77.949997,78.150002,77.050003,77.800003,71.769295,9368946,20,12,2022,Q4
19-12-2022,77.199997,78.150002,76.599998,77.949997,71.907661,12681354,19,12,2022,Q4
16-12-2022,78.25,78.949997,76.650002,76.949997,70.985176,18672807,16,12,2022,Q4
15-12-2022,78.150002,78.5,77.800003,78.099998,72.046036,9555282,15,12,2022,Q4
14-12-2022,77.900002,78.699997,77.550003,78.150002,72.092155,16268873,14,12,2022,Q4
13-12-2022,79.199997,79.25,77.449997,77.75,71.723167,16409283,13,12,2022,Q4
12-12-2022,77,79.050003,76.800003,78.900002,72.784019,20455051,12,12,2022,Q4
09-12-2022,77.5,78.349998,76.699997,77,71.031303,24702723,9,12,2022,Q4
08-12-2022,77.449997,77.5,76.5,76.75,70.800682,11996025,8,12,2022,Q4
07-12-2022,76.75,77.800003,76.150002,76.699997,70.754555,20909569,7,12,2022,Q4
06-12-2022,77,77.400002,75.650002,75.800003,69.924324,10369691,6,12,2022,Q4
05-12-2022,77.050003,77.699997,76.699997,77.050003,71.077431,10947250,5,12,2022,Q4
02-12-2022,76.199997,77.199997,76,77,71.031303,18220281,2,12,2022,Q4
01-12-2022,77,77.150002,76,76.199997,70.293312,15072561,1,12,2022,Q4
30-11-2022,74.5,77,74.449997,76.650002,70.708435,29122442,30,11,2022,Q4
29-11-2022,76.449997,76.699997,75,75.300003,69.463081,17421133,29,11,2022,Q4
28-11-2022,73.900002,76.449997,73.900002,76.199997,70.293312,40695313,28,11,2022,Q4
25-11-2022,72.199997,73.949997,71.650002,73.349998,67.664238,22422462,25,11,2022,Q4
24-11-2022,70.150002,72.699997,70.150002,72.050003,66.465004,29444796,24,11,2022,Q4
23-11-2022,70.050003,70.300003,69.699997,69.900002,64.481659,7949141,23,11,2022,Q4
22-11-2022,70.050003,70.199997,69.449997,70,64.573914,13456815,22,11,2022,Q4
21-11-2022,69.349998,70.400002,69.150002,70.050003,64.620041,14820946,21,11,2022,Q4
18-11-2022,69.349998,69.5,68.75,69.25,63.88205,6231903,18,11,2022,Q4
17-11-2022,69.449997,69.699997,69,69.099998,63.743675,5264089,17,11,2022,Q4
16-11-2022,69.650002,69.699997,69.050003,69.300003,63.928173,5638631,16,11,2022,Q4
15-11-2022,69.800003,69.800003,69.150002,69.599998,64.204918,6477425,15,11,2022,Q4
14-11-2022,70,70.150002,68.849998,69.449997,64.066544,10222979,14,11,2022,Q4
11-11-2022,69.949997,70,69.400002,69.75,64.343292,8792244,11,11,2022,Q4
10-11-2022,69.449997,69.849998,69.400002,69.599998,64.204918,5974147,10,11,2022,Q4
09-11-2022,70.349998,70.5,69.400002,69.550003,64.158798,10410493,9,11,2022,Q4
07-11-2022,68.849998,70.300003,68.699997,70.099998,64.666161,13032194,7,11,2022,Q4
04-11-2022,68.650002,69,68.300003,68.5,63.190189,8971834,4,11,2022,Q4
03-11-2022,68.5,69.150002,68.5,68.699997,63.37468,6466688,3,11,2022,Q4
02-11-2022,68.550003,69.050003,68.349998,68.599998,63.282433,6785578,2,11,2022,Q4
01-11-2022,68.400002,68.650002,68.150002,68.5,63.190189,7840600,1,11,2022,Q4
31-10-2022,68.5,68.800003,68.099998,68.25,62.959568,10549071,31,10,2022,Q4
28-10-2022,68.5,69.199997,68.050003,68.449997,63.144058,9586976,28,10,2022,Q4
27-10-2022,67.900002,68.5,67.849998,68.300003,63.005688,10404151,27,10,2022,Q4
25-10-2022,67.849998,68.25,67.199997,67.900002,62.636692,12609170,25,10,2022,Q4
24-10-2022,68.25,68.449997,67.949997,68.050003,62.77507,3745316,24,10,2022,Q4
21-10-2022,67.400002,68.050003,67.199997,67.5,62.267704,9542021,21,10,2022,Q4
20-10-2022,66.650002,68.199997,66.550003,67.849998,62.590569,19426605,20,10,2022,Q4
19-10-2022,66.800003,67.25,66.449997,67,61.806461,7157066,19,10,2022,Q4
18-10-2022,66.400002,66.800003,66.099998,66.699997,61.529709,8153819,18,10,2022,Q4
17-10-2022,66.5,66.699997,65.550003,66.050003,60.930099,10841451,17,10,2022,Q4
14-10-2022,68,68,66.199997,66.300003,61.160721,10119406,14,10,2022,Q4
13-10-2022,67.300003,67.75,66.449997,66.849998,61.668087,9890714,13,10,2022,Q4
12-10-2022,66,67.849998,65.949997,67.25,62.037083,14459865,12,10,2022,Q4
11-10-2022,67.699997,67.699997,65.800003,65.949997,60.837849,14905741,11,10,2022,Q4
10-10-2022,67,67.699997,66.849998,67.550003,62.313828,9042660,10,10,2022,Q4
07-10-2022,67.650002,67.849998,67.050003,67.449997,62.221573,14879891,7,10,2022,Q4
06-10-2022,67.949997,68.099998,67.349998,67.75,62.498325,13000167,6,10,2022,Q4
04-10-2022,68,68,67.099998,67.300003,62.083206,10513995,4,10,2022,Q4
03-10-2022,67.25,68.050003,66.550003,66.699997,61.529709,13288633,3,10,2022,Q4
30-09-2022,65.949997,67.199997,65.5,66.949997,61.76033,16041026,30,9,2022,Q3
29-09-2022,66.099998,67.300003,65.199997,65.900002,60.791729,24560255,29,9,2022,Q3
28-09-2022,66.400002,66.400002,65.550003,65.75,60.653351,15974881,28,9,2022,Q3
27-09-2022,66.400002,67.099998,66.099998,66.75,61.57584,14140070,27,9,2022,Q3
26-09-2022,67.199997,67.400002,65.900002,66.050003,60.930099,19194238,26,9,2022,Q3
23-09-2022,67.800003,67.949997,67.199997,67.449997,62.221573,13578280,23,9,2022,Q3
22-09-2022,68.199997,68.25,67.5,67.800003,62.544449,15775504,22,9,2022,Q3
21-09-2022,69.300003,69.300003,68.199997,68.449997,63.144058,24710729,21,9,2022,Q3
20-09-2022,70,70.150002,69.050003,69.099998,63.743675,20693245,20,9,2022,Q3
19-09-2022,70.25,70.400002,69.599998,69.650002,64.251038,13595148,19,9,2022,Q3
16-09-2022,71.550003,71.699997,69.5,69.949997,64.527786,25993505,16,9,2022,Q3
15-09-2022,72,72.199997,71.300003,71.550003,66.003761,9985561,15,9,2022,Q3
14-09-2022,71.949997,72.25,71.599998,71.800003,66.234383,9024753,14,9,2022,Q3
13-09-2022,73.050003,73.099998,72,72.25,66.649506,11555561,13,9,2022,Q3
12-09-2022,72.849998,72.949997,71.949997,72.650002,67.018494,21463828,12,9,2022,Q3
09-09-2022,73.300003,73.400002,72.349998,72.550003,66.926247,9906299,9,9,2022,Q3
08-09-2022,71.900002,73.75,71.800003,73.050003,67.387489,24401527,8,9,2022,Q3
07-09-2022,70.800003,71.550003,70.699997,71.400002,65.865387,19254652,7,9,2022,Q3
06-09-2022,71.150002,71.199997,70.599998,70.699997,65.21965,10545363,6,9,2022,Q3
05-09-2022,71.5,71.650002,70.849998,70.949997,65.450272,11658725,5,9,2022,Q3
02-09-2022,71.449997,71.550003,70.849998,71.300003,65.77314,13349456,2,9,2022,Q3
01-09-2022,71,71.5,70.800003,71.150002,65.634766,17854146,1,9,2022,Q3
30-08-2022,71.449997,71.849998,71.349998,71.5,65.957642,14284488,30,8,2022,Q3
29-08-2022,71.150002,71.449997,70.349998,71.050003,65.542519,14387511,29,8,2022,Q3
26-08-2022,71.849998,72.300003,71.699997,71.900002,66.32663,10546886,26,8,2022,Q3
25-08-2022,70.900002,71.949997,70.800003,71.449997,65.911514,13090152,25,8,2022,Q3
24-08-2022,71.25,71.449997,70.25,70.550003,65.081276,19584234,24,8,2022,Q3
23-08-2022,70.800003,71.599998,70.75,71.050003,65.542519,11581331,23,8,2022,Q3
22-08-2022,72.099998,72.150002,70.900002,71.300003,65.77314,13714233,22,8,2022,Q3
19-08-2022,72.650002,72.75,71.800003,72.150002,66.557251,13357442,19,8,2022,Q3
18-08-2022,73.5,73.650002,72.449997,72.650002,67.018494,18850835,18,8,2022,Q3
17-08-2022,73.300003,73.800003,73.199997,73.349998,67.664238,18542371,17,8,2022,Q3
16-08-2022,71.75,73.25,71.25,73.150002,67.479736,26772067,16,8,2022,Q3
12-08-2022,70.949997,71.699997,70.800003,71.550003,66.003761,12294928,12,8,2022,Q3
11-08-2022,71.349998,71.349998,70.599998,70.949997,65.450272,16670568,11,8,2022,Q3
10-08-2022,73.650002,73.699997,72.400002,72.5,64.666161,29085499,10,8,2022,Q3
08-08-2022,73.099998,73.75,72.400002,73.349998,65.424309,16091607,8,8,2022,Q3
05-08-2022,71.449997,73.300003,70.900002,73.099998,65.201324,48935830,5,8,2022,Q3
04-08-2022,71.5,71.599998,70.550003,71.199997,63.506622,25024630,4,8,2022,Q3
03-08-2022,72.300003,72.400002,70.75,71,63.328243,18893830,3,8,2022,Q3
02-08-2022,71.400002,72.099998,71.25,71.949997,64.175583,15655719,2,8,2022,Q3
01-08-2022,72.5,72.5,70.800003,71.099998,63.417435,30168751,1,8,2022,Q3
29-07-2022,72.5,73.25,72.25,72.949997,65.067528,16983013,29,7,2022,Q3
28-07-2022,72.050003,72.650002,71.900002,72.050003,64.264778,11715079,28,7,2022,Q3
27-07-2022,71.75,72.300003,71.400002,72.099998,64.30938,8726504,27,7,2022,Q3
26-07-2022,72.099998,72.150002,71.449997,71.650002,63.908001,8202210,26,7,2022,Q3
25-07-2022,72.199997,72.349998,71.25,72.099998,64.30938,10124538,25,7,2022,Q3
22-07-2022,72.900002,72.949997,72,72.150002,64.353981,8740051,22,7,2022,Q3
21-07-2022,72.349998,72.75,71.349998,72.550003,64.710762,9537111,21,7,2022,Q3
20-07-2022,73,73.099998,72.199997,72.349998,64.532364,10590222,20,7,2022,Q3
19-07-2022,71.25,72.150002,71,72,64.220192,7585011,19,7,2022,Q3
18-07-2022,70.699997,71.25,70.349998,71.150002,63.462032,6697658,18,7,2022,Q3
15-07-2022,70.699997,71.099998,70,70.349998,62.74847,7310057,15,7,2022,Q3
14-07-2022,70.400002,71,70.199997,70.75,63.105251,8917897,14,7,2022,Q3
13-07-2022,70.650002,70.949997,70.25,70.400002,62.793072,13704386,13,7,2022,Q3
12-07-2022,72.449997,72.5,70.400002,70.650002,63.016056,16729806,12,7,2022,Q3
11-07-2022,72.699997,72.849998,72.050003,72.550003,64.710762,11548617,11,7,2022,Q3
08-07-2022,73,73.25,72.199997,72.699997,64.844543,11692575,8,7,2022,Q3
07-07-2022,73.300003,73.300003,72.150002,72.699997,64.844543,17846046,7,7,2022,Q3
06-07-2022,74,74.599998,72.25,72.599998,64.755356,21856830,6,7,2022,Q3
05-07-2022,74.5,74.5,73.400002,73.599998,65.647301,17464685,5,7,2022,Q3
04-07-2022,74.699997,74.699997,73.300003,74.349998,66.316261,12798384,4,7,2022,Q3
01-07-2022,75,75.150002,72.849998,74.550003,66.494652,22029311,1,7,2022,Q3
30-06-2022,73.949997,76,73.699997,74.25,66.227066,34424950,30,6,2022,Q2
29-06-2022,72.400002,73.366669,72,73.199997,65.29052,18903900,29,6,2022,Q2
28-06-2022,73,73.766663,71.699997,72.199997,64.398567,22631172,28,6,2022,Q2
27-06-2022,73.333336,73.900002,72.533333,73.033333,65.141869,17830735,27,6,2022,Q2
24-06-2022,71.73333,72.433334,71.533333,72.333336,64.517502,11807979,24,6,2022,Q2
23-06-2022,70.666664,71.73333,70.099998,71.533333,63.803947,16579252,23,6,2022,Q2
22-06-2022,70.633331,71.066666,69.066666,70.366669,62.76334,18641673,22,6,2022,Q2
21-06-2022,69.366669,70.833336,69.033333,70.5,62.882267,14169558,21,6,2022,Q2
20-06-2022,70.066666,70.300003,67.699997,68.699997,61.27676,19163382,20,6,2022,Q2
17-06-2022,72,72,69.033333,69.466667,61.960583,23651413,17,6,2022,Q2
16-06-2022,73.699997,73.800003,71.666664,72.099998,64.30938,14897512,16,6,2022,Q2
15-06-2022,74,74,72.199997,72.800003,64.933746,14386729,15,6,2022,Q2
14-06-2022,75.699997,76,73.366669,73.5,65.558105,23524399,14,6,2022,Q2
13-06-2022,77.533333,77.533333,75.366669,75.73333,67.550117,15123129,13,6,2022,Q2
10-06-2022,78.599998,78.666664,77.666664,78.166664,69.72052,16173466,10,6,2022,Q2
09-06-2022,78.666664,80.466667,77.933334,78.866669,70.344887,32112393,9,6,2022,Q2
08-06-2022,79.099998,79.433334,78.433334,78.666664,70.166496,12953038,8,6,2022,Q2
07-06-2022,78.23333,79.666664,77.766663,78.800003,70.285431,14801011,7,6,2022,Q2
06-06-2022,78.866669,79.066666,77.633331,78.366669,69.898918,12162841,6,6,2022,Q2
03-06-2022,78.699997,79.333336,78.566666,78.866669,70.344887,13564659,3,6,2022,Q2
02-06-2022,79.23333,79.5,77.333336,78.433334,69.958374,16274652,2,6,2022,Q2
01-06-2022,78,79.366669,77.833336,78.800003,70.285431,16686021,1,6,2022,Q2
31-05-2022,77.133331,78.333336,77,77.333336,68.977242,19925845,31,5,2022,Q2
30-05-2022,76.833336,77.5,76.033333,77.400002,69.036697,12222628,30,5,2022,Q2
27-05-2022,76.933334,77.033333,75.433334,76.099998,67.877167,11616970,27,5,2022,Q2
26-05-2022,76.666664,77.199997,74.566666,76.133331,67.906898,23782918,26,5,2022,Q2
25-05-2022,79.533333,79.633331,76.133331,76.533333,68.26368,17317285,25,5,2022,Q2
24-05-2022,78.466667,79.73333,78.133331,79.133331,70.582741,18454173,24,5,2022,Q2
23-05-2022,78.400002,79.066666,77.800003,78.466667,69.988113,17487906,23,5,2022,Q2
20-05-2022,79.333336,79.466667,77.433334,77.966667,69.542137,24237945,20,5,2022,Q2
19-05-2022,78,78.933334,77,78.166664,69.72052,21865050,19,5,2022,Q2
18-05-2022,82.666664,82.933334,78.5,78.699997,70.196228,64902469,18,5,2022,Q2
17-05-2022,84,84,81.066666,82.933334,73.972145,27391533,17,5,2022,Q2
16-05-2022,82.666664,82.666664,80.433334,81.400002,72.604485,12566889,16,5,2022,Q2
13-05-2022,83.333336,83.5,80.466667,80.866669,72.128777,22601469,13,5,2022,Q2
12-05-2022,80.300003,82.666664,79.699997,81.400002,72.604485,30617643,12,5,2022,Q2
11-05-2022,82.266663,82.933334,79.23333,80.300003,71.623344,14615373,11,5,2022,Q2
10-05-2022,82.933334,84.199997,80.833336,81.333336,72.545021,15563373,10,5,2022,Q2
09-05-2022,83.766663,83.766663,80.900002,82.666664,73.734283,12361746,9,5,2022,Q2
06-05-2022,83.333336,85.166664,81.73333,84.166664,75.072205,13680673,6,5,2022,Q2
05-05-2022,84.666664,85.433334,83.466667,83.800003,74.745163,8015140,5,5,2022,Q2
04-05-2022,84.566666,85.800003,83.400002,83.900002,74.834351,8118435,4,5,2022,Q2
02-05-2022,83.966667,84.866669,82.666664,84.433334,75.310066,8623737,2,5,2022,Q2
29-04-2022,87.599998,87.599998,83.73333,84,74.923553,13013304,29,4,2022,Q2
28-04-2022,86.333336,86.833336,85.066666,86.633331,77.272339,15773589,28,4,2022,Q2
27-04-2022,85.066666,86,83.400002,84.900002,75.726295,14967738,27,4,2022,Q2
26-04-2022,86.266663,86.666664,85.166664,86.033333,76.737183,14133414,26,4,2022,Q2
25-04-2022,88.533333,88.633331,84.933334,85.166664,75.964157,16604310,25,4,2022,Q2
22-04-2022,89.933334,90.699997,89.23333,89.566666,79.888718,13678113,22,4,2022,Q2
21-04-2022,89.633331,90.266663,88.933334,90.033333,80.304962,22154311,21,4,2022,Q2
20-04-2022,87.333336,89.533333,87.099998,88.933334,79.323822,28690066,20,4,2022,Q2
19-04-2022,86.199997,88.666664,85.666664,86.866669,77.480461,30183165,19,4,2022,Q2
18-04-2022,85.133331,85.666664,84.333336,85.400002,76.172272,17471850,18,4,2022,Q2
13-04-2022,84.033333,86,83.766663,85.266663,76.053345,17675811,13,4,2022,Q2
12-04-2022,85.633331,85.866669,83.466667,84.033333,74.953278,14583673,12,4,2022,Q2
11-04-2022,84.599998,86.300003,84.400002,85.900002,76.61824,19137451,11,4,2022,Q2
08-04-2022,83.266663,85,82.699997,84.633331,75.488449,21699732,8,4,2022,Q2
07-04-2022,82.866669,84.5,82.166664,82.366669,73.466705,30238785,7,4,2022,Q2
06-04-2022,81.633331,84.266663,81,84.033333,74.953278,23580340,6,4,2022,Q2
05-04-2022,81.866669,82.333336,81.566666,81.766663,72.931526,13071195,5,4,2022,Q2
04-04-2022,81.400002,82,81.133331,81.533333,72.723419,14095200,4,4,2022,Q2
01-04-2022,79.400002,81.633331,79.333336,81.400002,72.604485,16052676,1,4,2022,Q2
31-03-2022,78.666664,80.633331,78.666664,79.300003,70.7314,31701618,31,3,2022,Q1
30-03-2022,79.800003,79.800003,77.400002,78.133331,69.690788,159640347,30,3,2022,Q1
29-03-2022,80.199997,80.866669,78.666664,78.866669,70.344887,14627074,29,3,2022,Q1
28-03-2022,79.599998,80.466667,78.466667,79.966667,71.326035,15342876,28,3,2022,Q1
25-03-2022,80.033333,80.566666,79.066666,79.199997,70.642204,12238471,25,3,2022,Q1
24-03-2022,81.199997,81.433334,80.23333,80.400002,71.71254,12377631,24,3,2022,Q1
23-03-2022,81.23333,82,80.433334,81.133331,72.366631,25271163,23,3,2022,Q1
22-03-2022,79.333336,81.23333,79,80.433334,71.742264,30929289,22,3,2022,Q1
21-03-2022,81.199997,81.199997,78.533333,78.666664,70.166496,18166521,21,3,2022,Q1
17-03-2022,81.599998,81.933334,80.066666,80.900002,72.158508,41700111,17,3,2022,Q1
16-03-2022,80.199997,81.73333,79.633331,81.300003,72.515289,15176752,16,3,2022,Q1
15-03-2022,80.533333,80.699997,78.800003,79.333336,70.761131,16501842,15,3,2022,Q1
14-03-2022,83.23333,83.23333,80.033333,80.533333,71.831474,22317814,14,3,2022,Q1
11-03-2022,80.533333,82.933334,80.266663,82.466667,73.555901,18598243,11,3,2022,Q1
10-03-2022,79.366669,80.933334,78.466667,80.633331,71.920662,27592384,10,3,2022,Q1
09-03-2022,79.266663,79.266663,77.199997,77.966667,69.542137,23476054,9,3,2022,Q1
08-03-2022,74.666664,78.5,74.400002,78.033333,69.601601,33483859,8,3,2022,Q1
07-03-2022,75.966667,75.966667,74.133331,74.833336,66.747368,25392553,7,3,2022,Q1
04-03-2022,76.633331,76.933334,75.199997,75.5,67.342003,25005861,4,3,2022,Q1
03-03-2022,76.666664,77.666664,75.333336,76.433334,68.174484,28291584,3,3,2022,Q1
02-03-2022,75.833336,77.599998,74.300003,74.833336,66.747368,22390246,2,3,2022,Q1
28-02-2022,75.199997,77.466667,73.73333,76.666664,68.382599,24781798,28,2,2022,Q1
25-02-2022,75.333336,79,74,74.900002,66.806831,28048713,25,2,2022,Q1
24-02-2022,76.633331,77.466667,72.866669,73.333336,65.409447,19848141,24,2,2022,Q1
23-02-2022,78.533333,78.866669,77.666664,78.099998,69.661057,8525215,23,2,2022,Q1
22-02-2022,78,79.099998,77.666664,78.066666,69.631332,11409610,22,2,2022,Q1
21-02-2022,80,80.766663,79.066666,79.466667,70.880058,8595442,21,2,2022,Q1
18-02-2022,80.933334,81.533333,80.400002,80.766663,72.039581,7978566,18,2,2022,Q1
17-02-2022,81.900002,82.633331,80.333336,80.933334,72.18824,16774602,17,2,2022,Q1
16-02-2022,79.5,81.466667,79.5,81,72.247711,17673190,16,2,2022,Q1
15-02-2022,78,79.333336,76.333336,79.166664,70.612473,12978223,15,2,2022,Q1
14-02-2022,80.666664,80.666664,77.433334,77.699997,69.304276,16463770,14,2,2022,Q1
11-02-2022,79.666664,81.766663,79.366669,81.366669,72.574753,26486850,11,2,2022,Q1
10-02-2022,80.73333,80.966667,79.766663,79.966667,71.326035,18120168,10,2,2022,Q1
09-02-2022,79,81.133331,78.5,80.699997,71.980118,17581473,9,2,2022,Q1
08-02-2022,82.066666,82.366669,80,80.900002,69.779991,23545662,8,2,2022,Q1
07-02-2022,83,83.066666,81.666664,81.933334,70.671288,13452373,7,2,2022,Q1
04-02-2022,83.266663,83.566666,82.466667,82.766663,71.390068,10723602,4,2,2022,Q1
03-02-2022,83.599998,83.900002,82.766663,83.099998,71.677589,13117138,3,2,2022,Q1
02-02-2022,81.666664,83.300003,81.466667,82.966667,71.562592,14749194,2,2,2022,Q1
01-02-2022,84,84,79.666664,81.166664,70.010002,34627617,1,2,2022,Q1
31-01-2022,84.466667,85.333336,82.800003,83.466667,71.993858,19787082,31,1,2022,Q1
28-01-2022,82.199997,84.699997,82.199997,82.73333,71.361313,14995069,28,1,2022,Q1
27-01-2022,80.599998,82.5,79.866669,81.800003,70.556282,12890338,27,1,2022,Q1
25-01-2022,80.133331,81.133331,79.533333,80.966667,69.837502,9651480,25,1,2022,Q1
24-01-2022,80.666664,81.633331,79.933334,80.23333,69.204956,19665838,24,1,2022,Q1
21-01-2022,82.666664,83.666664,80.5,81.133331,69.981247,14728332,21,1,2022,Q1
20-01-2022,83.400002,83.966667,82.900002,83.666664,72.166367,10007508,20,1,2022,Q1
19-01-2022,82.400002,83.73333,82,83.400002,71.936356,14870110,19,1,2022,Q1
18-01-2022,82.800003,83.699997,82.23333,82.633331,71.275063,21395779,18,1,2022,Q1
17-01-2022,83.333336,83.333336,82.133331,82.5,71.160065,14548522,17,1,2022,Q1
14-01-2022,81,82.933334,80.900002,82.199997,70.901291,22431007,14,1,2022,Q1
13-01-2022,79.766663,81,79.23333,80.766663,69.664978,12559629,13,1,2022,Q1
12-01-2022,79.466667,80,78.900002,79.433334,68.514915,10748385,12,1,2022,Q1
11-01-2022,80.300003,80.300003,78.800003,79.066666,68.198654,8919054,11,1,2022,Q1
10-01-2022,79.333336,80.099998,78.866669,79.800003,68.831192,9923601,10,1,2022,Q1
07-01-2022,78.433334,79.466667,77.966667,79,68.141151,11303518,7,1,2022,Q1
06-01-2022,78.199997,78.433334,75.366669,78.166664,67.422363,10795557,6,1,2022,Q1
05-01-2022,76.033333,78.300003,75.866669,78.166664,67.422363,21374004,5,1,2022,Q1
04-01-2022,75.800003,76.599998,75.5,76.033333,65.58226,8322088,4,1,2022,Q1
03-01-2022,74.333336,75.533333,74.23333,75.300003,64.949738,10026562,3,1,2022,Q1
31-12-2021,73.73333,75.066666,73.73333,74.333336,64.115936,8717971,31,12,2021,Q4
30-12-2021,74.333336,74.5,73.266663,73.699997,63.569653,8269432,30,12,2021,Q4
29-12-2021,74.933334,75,74,74.333336,64.115936,6332934,29,12,2021,Q4
28-12-2021,74.166664,75,74.133331,74.866669,64.575958,8475690,28,12,2021,Q4
27-12-2021,73.466667,74,72.699997,73.833336,63.684662,6689944,27,12,2021,Q4
24-12-2021,75.633331,75.666664,73.199997,73.5,63.397144,17403219,24,12,2021,Q4
23-12-2021,73.266663,74.966667,73.133331,74.766663,64.489708,15427636,23,12,2021,Q4
22-12-2021,73.366669,73.366669,72.166664,72.699997,62.707111,16343983,22,12,2021,Q4
21-12-2021,73,73.533333,72.433334,73,62.965874,12582459,21,12,2021,Q4
20-12-2021,74.666664,75,72.099998,72.5,62.534603,17713881,20,12,2021,Q4
17-12-2021,77.300003,77.333336,74.900002,75.23333,64.89222,17648721,17,12,2021,Q4
16-12-2021,77.800003,78.099998,76.966667,77.166664,66.559814,15950560,16,12,2021,Q4
15-12-2021,78.466667,78.933334,77,77.133331,66.531059,17936938,15,12,2021,Q4
14-12-2021,79.333336,79.466667,78.099998,78.599998,67.796135,17422254,14,12,2021,Q4
13-12-2021,80.666664,80.866669,78.566666,78.866669,68.026146,20362045,13,12,2021,Q4
10-12-2021,80,80.866669,79.73333,80.033333,69.032448,20332264,10,12,2021,Q4
09-12-2021,80.666664,81,79.633331,79.800003,68.831192,19297434,9,12,2021,Q4
08-12-2021,81.099998,81.699997,80,80.266663,69.233704,14700337,8,12,2021,Q4
07-12-2021,81.199997,82.23333,80.166664,80.400002,69.348717,14464680,7,12,2021,Q4
06-12-2021,81.633331,82.066666,80.333336,80.633331,69.549973,9379269,6,12,2021,Q4
03-12-2021,80.666664,81.900002,80.5,81.466667,70.268768,14866089,3,12,2021,Q4
02-12-2021,78.666664,80.73333,78.599998,80.433334,69.377464,20686078,2,12,2021,Q4
01-12-2021,79.766663,79.966667,77.666664,78.466667,67.681129,19871665,1,12,2021,Q4
30-11-2021,79.333336,80.599998,78.566666,79.300003,68.39991,27563893,30,11,2021,Q4
29-11-2021,79.699997,80.633331,78.566666,79.199997,68.313652,15803560,29,11,2021,Q4
26-11-2021,83.73333,83.73333,80.333336,80.633331,69.549973,11587932,26,11,2021,Q4
25-11-2021,85.066666,85.333336,83,83.766663,72.252617,9581943,25,11,2021,Q4
24-11-2021,84.466667,86.199997,84.266663,85.066666,73.373924,12152407,24,11,2021,Q4
23-11-2021,82.666664,84.566666,82.5,84.099998,72.540138,18446718,23,11,2021,Q4
22-11-2021,86.366669,86.599998,82.699997,83,71.591339,11624364,22,11,2021,Q4
18-11-2021,85.633331,86.833336,85.066666,86.23333,74.380226,10891344,18,11,2021,Q4
17-11-2021,87.266663,87.599998,85.433334,85.633331,73.862701,9331351,17,11,2021,Q4
16-11-2021,88.933334,89,87.099998,87.333336,75.329041,9738892,16,11,2021,Q4
15-11-2021,88.833336,89.433334,88,88.566666,76.392838,8808997,15,11,2021,Q4
12-11-2021,89.333336,89.866669,88.033333,88.633331,76.450348,14255041,12,11,2021,Q4
11-11-2021,89.433334,90.400002,88.400002,88.866669,76.651604,19049466,11,11,2021,Q4
10-11-2021,92.933334,94.199997,92.466667,92.966667,77.312904,15366904,10,11,2021,Q4
09-11-2021,94.300003,94.333336,92.633331,93.133331,77.4515,19382632,9,11,2021,Q4
08-11-2021,90,93.933334,89.5,93.633331,77.867302,37249699,8,11,2021,Q4
04-11-2021,89.966667,90,89.033333,89.766663,74.651703,4986216,4,11,2021,Q4
03-11-2021,87.199997,90,86.933334,88.366669,73.487442,31141038,3,11,2021,Q4
02-11-2021,88.366669,88.666664,87.033333,87.199997,72.517212,14533176,2,11,2021,Q4
01-11-2021,88.066666,88.566666,84.400002,87.766663,72.988457,26818699,1,11,2021,Q4
29-10-2021,85.333336,86.666664,84.300003,85.300003,70.937141,12613387,29,10,2021,Q4
28-10-2021,87.199997,87.599998,85.166664,85.766663,71.325233,13901230,28,10,2021,Q4
27-10-2021,87.833336,88.666664,86.833336,87.199997,72.517212,13412194,27,10,2021,Q4
26-10-2021,87.333336,88.266663,86.699997,87.666664,72.905312,15198604,26,10,2021,Q4
25-10-2021,87.73333,88.266663,85.633331,86.966667,72.323189,15055837,25,10,2021,Q4
22-10-2021,88.366669,89.099998,86.666664,87.133331,72.461777,16376905,22,10,2021,Q4
21-10-2021,88.033333,90.333336,87.133331,87.766663,72.988457,27519955,21,10,2021,Q4
20-10-2021,88.800003,89.533333,86.433334,87.033333,72.378624,16132831,20,10,2021,Q4
19-10-2021,91.099998,91.5,88.900002,89.199997,74.180458,15474921,19,10,2021,Q4
18-10-2021,93.333336,93.333336,90.466667,90.900002,75.594215,22145724,18,10,2021,Q4
14-10-2021,88,90.333336,87.333336,89.599998,74.513107,21061104,14,10,2021,Q4
13-10-2021,87.966667,88.23333,86.866669,87.5,72.766708,13747222,13,10,2021,Q4
12-10-2021,87.900002,88.366669,86.199997,87.5,72.766708,14989111,12,10,2021,Q4
11-10-2021,88.099998,89.300003,87.466667,87.699997,72.933029,9461719,11,10,2021,Q4
08-10-2021,89.033333,89.633331,87.23333,87.866669,73.07164,13639896,8,10,2021,Q4
07-10-2021,87,88.599998,86.566666,88.166664,73.321121,19049433,7,10,2021,Q4
06-10-2021,87.266663,89.933334,86.23333,86.73333,72.129135,38136735,6,10,2021,Q4
05-10-2021,84.166664,87.066666,84.166664,86.599998,72.018242,30310881,5,10,2021,Q4
04-10-2021,85.199997,85.566666,83.666664,84.166664,69.994637,11345266,4,10,2021,Q4
01-10-2021,83.766663,85.900002,83.333336,84.933334,70.632217,20085250,1,10,2021,Q4
30-09-2021,84.966667,85.666664,82.900002,83.533333,69.467949,17995564,30,9,2021,Q3
29-09-2021,81.5,85.333336,81.333336,84.966667,70.659943,29772804,29,9,2021,Q3
28-09-2021,79.133331,82.599998,79.133331,81.966667,68.165077,30580264,28,9,2021,Q3
27-09-2021,78.766663,79.23333,78.333336,79.099998,65.781105,14908830,27,9,2021,Q3
24-09-2021,78.666664,79.300003,77.333336,78.166664,65.004921,11883868,24,9,2021,Q3
23-09-2021,78,79.099998,77.866669,78.666664,65.420738,13392397,23,9,2021,Q3
22-09-2021,76.699997,77.866669,76.699997,77.633331,64.561394,11751877,22,9,2021,Q3
21-09-2021,76.366669,77.099998,75.566666,76.666664,63.757496,14070891,21,9,2021,Q3
20-09-2021,77.666664,78.466667,76.266663,76.400002,63.535732,13756386,20,9,2021,Q3
17-09-2021,79.133331,79.633331,77.400002,78.833336,65.559341,52041975,17,9,2021,Q3
16-09-2021,77.800003,79.333336,77.433334,78.900002,65.614777,21129102,16,9,2021,Q3
15-09-2021,76.966667,77.900002,76.800003,77.599998,64.533669,19025859,15,9,2021,Q3
14-09-2021,76,77.266663,76,76.833336,63.896095,13852611,14,9,2021,Q3
13-09-2021,75.199997,76.166664,75,76,63.203094,13133424,13,9,2021,Q3
09-09-2021,75.099998,76.433334,74.933334,75.199997,62.537792,19983877,9,9,2021,Q3
08-09-2021,74.066666,75.266663,74.066666,75.066666,62.426899,12497221,8,9,2021,Q3
07-09-2021,74.400002,74.966667,73.800003,74.566666,62.011105,11374723,7,9,2021,Q3
06-09-2021,75.833336,75.866669,74.166664,74.400002,61.872494,11302936,6,9,2021,Q3
03-09-2021,73.800003,75.666664,73.400002,75.400002,62.704105,22906791,3,9,2021,Q3
02-09-2021,73.199997,73.566666,72.666664,73.433334,61.068592,17265598,2,9,2021,Q3
01-09-2021,74,74.466667,73.066666,73.833336,61.401241,17700178,1,9,2021,Q3
31-08-2021,72,74.199997,71.599998,73.900002,61.45668,33485407,31,8,2021,Q3
30-08-2021,70.933334,72.133331,70.73333,71.566666,59.516235,19240269,30,8,2021,Q3
27-08-2021,70.5,70.966667,70.199997,70.633331,58.740055,8356207,27,8,2021,Q3
26-08-2021,70.599998,70.699997,69.800003,70.400002,58.546017,11929699,26,8,2021,Q3
25-08-2021,71,71.300003,70.266663,70.73333,58.823219,11312487,25,8,2021,Q3
24-08-2021,69.266663,70.800003,69.099998,70.599998,58.712334,17847588,24,8,2021,Q3
23-08-2021,69.933334,69.933334,68.133331,68.666664,57.104542,10432123,23,8,2021,Q3
20-08-2021,70.300003,70.333336,68.666664,69,57.381752,15736258,20,8,2021,Q3
18-08-2021,70.933334,71,69.800003,70.800003,58.878662,18888795,18,8,2021,Q3
17-08-2021,71.533333,72.166664,69.800003,70.466667,58.601456,25693791,17,8,2021,Q3
16-08-2021,69.833336,71.633331,69.533333,71.466667,59.433071,32819128,16,8,2021,Q3
13-08-2021,69.333336,70,69.166664,69.766663,58.019314,10050325,13,8,2021,Q3
12-08-2021,69.766663,70.333336,69.166664,69.400002,57.714394,13442644,12,8,2021,Q3
11-08-2021,68.533333,69.966667,68.199997,69.766663,58.019314,16287054,11,8,2021,Q3
10-08-2021,69.933334,69.933334,67.933334,68.166664,56.688728,12318604,10,8,2021,Q3
09-08-2021,70.800003,70.966667,69.300003,69.599998,57.880718,12460222,9,8,2021,Q3
06-08-2021,69.300003,70.833336,69.199997,70.599998,58.712334,13803814,6,8,2021,Q3
05-08-2021,69.666664,69.866669,68.366669,69.300003,57.631237,20246398,5,8,2021,Q3
04-08-2021,71,71.666664,69.933334,70.199997,57.548065,17376739,4,8,2021,Q3
03-08-2021,70.666664,71,70.199997,70.766663,58.012608,15159726,3,8,2021,Q3
02-08-2021,69.666664,70.566666,69.099998,70.333336,57.657372,19968907,2,8,2021,Q3
30-07-2021,69.5,70.866669,68.599998,68.766663,56.373058,39367890,30,7,2021,Q3
29-07-2021,69.5,69.666664,68.800003,69.266663,56.782948,15139800,29,7,2021,Q3
28-07-2021,69.333336,69.833336,68.73333,69.333336,56.837601,13733836,28,7,2021,Q3
27-07-2021,69.833336,70.23333,68.833336,69.300003,56.81028,11591373,27,7,2021,Q3
26-07-2021,70.666664,70.833336,69.666664,69.766663,57.192825,10937572,26,7,2021,Q3
23-07-2021,71.133331,71.466667,70.300003,70.666664,57.93063,10996716,23,7,2021,Q3
22-07-2021,71,71.333336,70.133331,71.133331,58.313187,16258848,22,7,2021,Q3
20-07-2021,70.73333,71.199997,69.699997,70.400002,57.712025,19243816,20,7,2021,Q3
19-07-2021,70.5,71.933334,70.066666,70.633331,57.903301,17532862,19,7,2021,Q3
16-07-2021,70.699997,71.599998,70.300003,70.73333,57.985279,11793582,16,7,2021,Q3
15-07-2021,71.333336,71.5,70.766663,70.866669,58.094585,11451739,15,7,2021,Q3
14-07-2021,71.699997,72.099998,71.099998,71.400002,58.531796,9119790,14,7,2021,Q3
13-07-2021,71.566666,72.066666,71.23333,71.866669,58.91436,11227437,13,7,2021,Q3
12-07-2021,71.566666,72.199997,71.23333,71.466667,58.586445,9438729,12,7,2021,Q3
09-07-2021,71.699997,71.73333,71.033333,71.533333,58.641098,10924398,9,7,2021,Q3
08-07-2021,71.966667,72.73333,71.566666,71.699997,58.777725,14297863,8,7,2021,Q3
07-07-2021,71.766663,72.266663,71.433334,71.966667,58.99633,11177004,7,7,2021,Q3
06-07-2021,72.466667,72.933334,72.133331,72.266663,59.242268,9301320,6,7,2021,Q3
05-07-2021,72.966667,72.966667,72.300003,72.533333,59.460876,9305578,5,7,2021,Q3
02-07-2021,71.833336,73.166664,71.833336,72.300003,59.269592,17907844,2,7,2021,Q3
01-07-2021,71.933334,72.633331,71.566666,71.699997,58.777725,13216218,1,7,2021,Q3
30-06-2021,72.166664,73.266663,71.73333,71.933334,58.969013,17106526,30,6,2021,Q2
29-06-2021,73.900002,74.599998,71.866669,72.099998,59.10564,22785070,29,6,2021,Q2
28-06-2021,74.599998,74.633331,73.800003,73.900002,60.581226,9776194,28,6,2021,Q2
25-06-2021,74.333336,74.933334,74.133331,74.266663,60.881805,7819713,25,6,2021,Q2
24-06-2021,75.333336,75.73333,74.033333,74.300003,60.909138,11987605,24,6,2021,Q2
23-06-2021,76.333336,76.333336,75.133331,75.266663,61.701576,8197572,23,6,2021,Q2
22-06-2021,75.73333,76.566666,75.333336,75.900002,62.220768,18181960,22,6,2021,Q2
21-06-2021,74.333336,75.666664,73.766663,75.099998,61.564953,22640152,21,6,2021,Q2
18-06-2021,76.800003,77.066666,74,74.866669,61.37368,24316953,18,6,2021,Q2
17-06-2021,76.633331,77.533333,76.033333,76.400002,62.630661,14332735,17,6,2021,Q2
16-06-2021,77.166664,78.099998,77,77.266663,63.341129,17840275,16,6,2021,Q2
15-06-2021,76.366669,77.599998,76.366669,77.166664,63.259155,18716286,15,6,2021,Q2
14-06-2021,76.833336,77.133331,75,76.5,62.712643,15977089,14,6,2021,Q2
11-06-2021,77.599998,78.23333,76.266663,76.73333,62.903912,22644016,11,6,2021,Q2
10-06-2021,77,77.666664,76.800003,77.300003,63.368458,19462978,10,6,2021,Q2
09-06-2021,78.066666,78.566666,76.333336,76.633331,62.821938,31520341,9,6,2021,Q2
08-06-2021,76.766663,78.333336,75.566666,77.800003,63.778343,34179129,8,6,2021,Q2
07-06-2021,76.566666,77.166664,76.199997,76.466667,62.685314,28815546,7,6,2021,Q2
04-06-2021,75,76.633331,74.933334,76.400002,62.630661,42494730,4,6,2021,Q2
03-06-2021,73.433334,75.300003,73.433334,74.966667,61.455654,31434373,3,6,2021,Q2
02-06-2021,73.199997,74.266663,73.033333,73.900002,60.581226,26079462,2,6,2021,Q2
01-06-2021,73,73.966667,72.699997,73.266663,60.062035,25662061,1,6,2021,Q2
31-05-2021,73.333336,73.666664,72.23333,72.833336,59.70681,27328504,31,5,2021,Q2
28-05-2021,74.333336,74.666664,72.300003,73.23333,60.034714,45369177,28,5,2021,Q2
27-05-2021,75.133331,75.800003,73.300003,73.5,60.253319,51485233,27,5,2021,Q2
26-05-2021,73.400002,75.199997,72.833336,74.666664,61.209717,55487863,26,5,2021,Q2
25-05-2021,73.599998,74.599998,73.066666,73.533333,60.280647,61080268,25,5,2021,Q2
24-05-2021,70,73.266663,70,72.966667,59.816109,124798564,24,5,2021,Q2
21-05-2021,70.533333,71.266663,69.033333,69.533333,57.001556,57868768,21,5,2021,Q2
20-05-2021,73.133331,73.133331,69.666664,69.800003,57.220161,84723675,20,5,2021,Q2
19-05-2021,69.666664,72.633331,69.400002,71.466667,58.586445,111262026,19,5,2021,Q2
18-05-2021,68.73333,70.599998,68.300003,70.366669,57.684696,53646370,18,5,2021,Q2
17-05-2021,67.766663,68.166664,66.73333,68,55.744572,29540865,17,5,2021,Q2
14-05-2021,68.533333,69.099998,66.666664,67.366669,55.22538,32738629,14,5,2021,Q2
12-05-2021,69.266663,71.066666,68.199997,68.533333,56.181778,58626690,12,5,2021,Q2
11-05-2021,65.73333,69.599998,65.199997,69.133331,56.673641,115361688,11,5,2021,Q2
10-05-2021,63.533333,66.366669,63.466667,66.099998,54.187,55456126,10,5,2021,Q2
07-05-2021,61.933334,63.5,61.466667,63.133331,51.755009,27762753,7,5,2021,Q2
06-05-2021,61.900002,62.099998,61.333332,61.733334,50.607323,22084128,6,5,2021,Q2
05-05-2021,61.866665,62.299999,61.200001,61.466667,50.388721,34464111,5,5,2021,Q2
04-05-2021,61.666664,62.333332,60.733334,60.933334,49.951508,22283461,4,5,2021,Q2
03-05-2021,59.900002,61.266666,59.700001,60.966667,49.978832,20483677,3,5,2021,Q2
30-04-2021,59.066666,62.066666,58.666664,60.566666,49.650917,44723547,30,4,2021,Q2
29-04-2021,60.166664,60.333332,59.133331,59.266666,48.585217,13435744,29,4,2021,Q2
28-04-2021,59.466667,59.700001,59.333332,59.599998,48.858475,9505056,28,4,2021,Q2
27-04-2021,58.799999,59.400002,58.799999,59.233334,48.557892,13128622,27,4,2021,Q2
26-04-2021,59.133331,59.200001,58.5,58.799999,48.202656,10600021,26,4,2021,Q2
23-04-2021,58.433334,59.033333,58.266666,58.700001,48.120682,12005517,23,4,2021,Q2
22-04-2021,58.666664,58.866665,58.233334,58.566666,48.011372,14235285,22,4,2021,Q2
20-04-2021,58.900002,60,58.233334,58.533333,47.984051,16299066,20,4,2021,Q2
19-04-2021,58.633331,59.200001,57.900002,58.733334,48.148006,22902361,19,4,2021,Q2
16-04-2021,59.433334,60.766666,59.433334,60.099998,49.26836,15435475,16,4,2021,Q2
15-04-2021,58.799999,60.233334,58.733334,60.066666,49.241032,23591248,15,4,2021,Q2
13-04-2021,58.133331,59.5,58.066666,59.200001,48.530567,23964055,13,4,2021,Q2
12-04-2021,60.066666,60.299999,57.833332,58,47.546841,29943736,12,4,2021,Q2
09-04-2021,61.866665,61.966667,60.866665,61.133331,50.115459,15445974,9,4,2021,Q2
08-04-2021,62,62.466667,61.666664,61.966667,50.798607,19175106,8,4,2021,Q2
07-04-2021,60.766666,61.933334,60.766666,61.799999,50.661972,20614233,7,4,2021,Q2
06-04-2021,60.599998,61.233334,60.299999,60.766666,49.81488,16560441,6,4,2021,Q2
05-04-2021,62,62,60.033333,60.5,49.596272,25774072,5,4,2021,Q2
01-04-2021,61.333332,62.233334,60.799999,62.099998,50.907906,22265911,1,4,2021,Q2
31-03-2021,61.033333,61.533333,60.633331,61.233334,50.197437,20242771,31,3,2021,Q1
30-03-2021,60.666664,61.299999,60.066666,61.033333,50.033482,30887440,30,3,2021,Q1
26-03-2021,61.200001,61.466667,60.400002,60.599998,49.678249,28462275,26,3,2021,Q1
25-03-2021,62.900002,63.133331,60.299999,60.599998,49.678249,41865562,25,3,2021,Q1
24-03-2021,64,64.5,62.833332,63.033333,51.673027,28562503,24,3,2021,Q1
23-03-2021,64.800003,65,64.266663,64.5,52.875362,33229980,23,3,2021,Q1
22-03-2021,66.433334,66.533333,65.5,66.099998,52.547459,31878691,22,3,2021,Q1
19-03-2021,64.633331,66.400002,63.599998,65.833336,52.335461,51668046,19,3,2021,Q1
18-03-2021,65.933334,66.333336,64.333336,64.833336,51.540489,32120652,18,3,2021,Q1
17-03-2021,67.5,67.5,65.333336,65.466667,52.043976,31383499,17,3,2021,Q1
16-03-2021,68.066666,68.400002,66.633331,66.933334,53.20993,41291265,16,3,2021,Q1
15-03-2021,67.766663,68.466667,66.666664,67.366669,53.554417,31646668,15,3,2021,Q1
12-03-2021,66.833336,68.199997,66.800003,67.533333,53.686916,52481499,12,3,2021,Q1
10-03-2021,67.933334,67.933334,65.800003,65.900002,52.388462,31741065,10,3,2021,Q1
09-03-2021,68.300003,68.599998,66.133331,67.033333,53.289429,44887903,9,3,2021,Q1
08-03-2021,68.166664,70,68.066666,69.066666,54.905865,74599173,8,3,2021,Q1
05-03-2021,67.800003,68.566666,67.23333,67.633331,53.766403,60217765,5,3,2021,Q1
04-03-2021,67.666664,68.73333,67.433334,67.633331,53.766403,25305613,4,3,2021,Q1
03-03-2021,68.666664,69.333336,67.599998,68.400002,54.375885,45034914,3,3,2021,Q1
02-03-2021,68.166664,69.400002,67.833336,68.133331,54.163895,68580370,2,3,2021,Q1
01-03-2021,67.333336,67.666664,66.533333,67.133331,53.368923,45069373,1,3,2021,Q1
26-02-2021,66.333336,67.966667,64.800003,65.366669,51.964481,68584740,26,2,2021,Q1
25-02-2021,66.266663,67.966667,65.900002,67.266663,53.474915,94125667,25,2,2021,Q1
24-02-2021,65.599998,66.599998,64.666664,65.300003,51.911484,29676166,24,2,2021,Q1
23-02-2021,64.266663,66.066666,64,65.099998,51.752483,53269024,23,2,2021,Q1
22-02-2021,65,65.666664,63.400002,63.766666,50.692524,29230623,22,2,2021,Q1
19-02-2021,66.133331,67,64.066666,65.033333,51.69949,63290026,19,2,2021,Q1
18-02-2021,63.533333,66.566666,63.533333,66,52.467957,81083085,18,2,2021,Q1
17-02-2021,63.700001,63.799999,63.099998,63.333332,50.348042,24688639,17,2,2021,Q1
16-02-2021,62.766666,64.333336,62.666664,63.733334,50.666031,37303716,16,2,2021,Q1
15-02-2021,63.700001,64.066666,62.666664,62.766666,49.897552,22194036,15,2,2021,Q1
12-02-2021,64.366669,64.73333,63.066666,63.400002,50.401043,28558101,12,2,2021,Q1
11-02-2021,64.066666,65,63.933334,64.333336,51.143013,29268846,11,2,2021,Q1
10-02-2021,65.400002,65.833336,64.066666,64.5,51.275501,34008033,10,2,2021,Q1
09-02-2021,66.533333,66.533333,64.666664,65.133331,51.77898,71867815,9,2,2021,Q1
08-02-2021,69.333336,69.599998,68.300003,69.400002,51.196007,56887465,8,2,2021,Q1
05-02-2021,69.666664,69.73333,68.033333,68.266663,50.359951,47134357,5,2,2021,Q1
04-02-2021,68.533333,69.566666,68.333336,69.066666,50.950111,76757127,4,2,2021,Q1
03-02-2021,67.066666,68.266663,66.599998,67.900002,50.089462,87238200,3,2,2021,Q1
02-02-2021,65.033333,66.133331,64.5,65.866669,48.589485,57962112,2,2,2021,Q1
01-02-2021,63.866665,64.266663,62.266666,63.866665,47.114094,79766275,1,2,2021,Q1
29-01-2021,62.533333,64.199997,61.866665,62.166664,45.86002,111293214,29,1,2021,Q1
28-01-2021,60.299999,61.966667,60.166664,61.733334,45.540348,36206854,28,1,2021,Q1
27-01-2021,62,62.533333,60.166664,60.933334,44.950195,41240343,27,1,2021,Q1
25-01-2021,64.666664,65,62.099998,62.299999,45.958378,33799852,25,1,2021,Q1
22-01-2021,64.333336,64.900002,63.5,63.799999,47.064915,33756312,22,1,2021,Q1
21-01-2021,65.466667,66.400002,64.133331,64.466667,47.556717,38452279,21,1,2021,Q1
20-01-2021,65.933334,66.533333,65.166664,65.533333,48.343586,28395798,20,1,2021,Q1
19-01-2021,66,66.866669,65.333336,65.699997,48.466537,36623602,19,1,2021,Q1
18-01-2021,67.699997,67.900002,65,65.533333,48.343586,42899784,18,1,2021,Q1
15-01-2021,68.900002,69.266663,67,67.533333,49.818985,41757006,15,1,2021,Q1
14-01-2021,67.833336,69.066666,66.866669,68.800003,50.753395,46080657,14,1,2021,Q1
13-01-2021,65.633331,68.5,65.466667,67.300003,49.646847,83906529,13,1,2021,Q1
12-01-2021,63.733334,66.23333,63.466667,65.300003,48.171463,47912310,12,1,2021,Q1
11-01-2021,64.133331,64.633331,63.066666,64,47.212463,24338116,11,1,2021,Q1
08-01-2021,63.400002,64.266663,63.099998,64.099998,47.286221,33813061,8,1,2021,Q1
07-01-2021,63.333332,63.633331,62.533333,63,46.474762,27214861,7,1,2021,Q1
06-01-2021,62.233334,63.733334,62.133331,62.733334,46.278046,37066479,6,1,2021,Q1
05-01-2021,62,62.166664,61.200001,62,45.737064,28072567,5,1,2021,Q1
04-01-2021,61.333332,62.700001,61.333332,62.566666,46.155094,31411359,4,1,2021,Q1
01-01-2021,60.866665,61.166664,60.733334,61,44.999371,10716213,1,1,2021,Q1
31-12-2020,60.333332,61.099998,60.133331,60.633331,44.728882,22766266,31,12,2020,Q4
30-12-2020,60.900002,61.133331,60,60.599998,44.704292,20131573,30,12,2020,Q4
29-12-2020,61.333332,61.666664,60.266666,60.799999,44.851837,22058307,29,12,2020,Q4
28-12-2020,60.666664,61.333332,60.599998,61.133331,45.097729,19819689,28,12,2020,Q4
24-12-2020,58.833332,60.833332,58.833332,60.166664,44.384628,32996755,24,12,2020,Q4
23-12-2020,58.799999,59.066666,57.833332,58.766666,43.351852,31573149,23,12,2020,Q4
22-12-2020,57.333332,59,56.133331,58.633331,43.25349,51043984,22,12,2020,Q4
21-12-2020,62.266666,62.266666,56.400002,58.066666,42.835468,73823025,21,12,2020,Q4
18-12-2020,63.599998,63.833332,62.200001,62.633331,46.204277,36546885,18,12,2020,Q4
17-12-2020,64.333336,64.666664,63.333332,63.599998,46.917377,24968898,17,12,2020,Q4
16-12-2020,64.333336,65,63.866665,64.23333,47.384583,33946033,16,12,2020,Q4
15-12-2020,64.166664,64.166664,62.900002,63.633331,46.941971,31439902,15,12,2020,Q4
14-12-2020,63.333332,64.533333,63.066666,64.133331,47.310818,52441758,14,12,2020,Q4
11-12-2020,62.366665,64.066666,62.033333,62.566666,46.155094,82795728,11,12,2020,Q4
10-12-2020,62.599998,62.599998,60.766666,61.633331,45.466579,33364783,10,12,2020,Q4
09-12-2020,60.933334,62.833332,60.733334,62.633331,46.204277,51701644,9,12,2020,Q4
08-12-2020,61.333332,61.533333,60.033333,60.700001,44.778069,25684155,8,12,2020,Q4
07-12-2020,60.333332,61.466667,60.266666,61.133331,45.097729,32007978,7,12,2020,Q4
04-12-2020,60.200001,60.966667,59.333332,60.266666,44.458397,37284490,4,12,2020,Q4
03-12-2020,59.633331,60.066666,58.400002,59.933334,44.212498,58976355,3,12,2020,Q4
02-12-2020,57.233334,59.566666,57.066666,58.933334,43.474808,67092000,2,12,2020,Q4
01-12-2020,56.666664,57.333332,56.066666,57.233334,42.220726,21580450,1,12,2020,Q4
27-11-2020,57.066666,57.466667,56,56.400002,41.605976,47815935,27,11,2020,Q4
26-11-2020,57.266666,57.5,56.366665,57.066666,42.097775,22684284,26,11,2020,Q4
25-11-2020,57.666664,58.066666,57,57.166664,42.171543,25653117,25,11,2020,Q4
24-11-2020,58,58.233334,57.166664,57.433334,42.368263,26754673,24,11,2020,Q4
23-11-2020,57,57.766666,56.033333,57.633331,42.5158,32626279,23,11,2020,Q4
20-11-2020,56.5,57.166664,55.599998,56.566666,41.728924,23413747,20,11,2020,Q4
19-11-2020,56.833332,57.733334,56.333332,56.466667,41.655155,23130708,19,11,2020,Q4
18-11-2020,56.333332,56.966667,56.133331,56.833332,41.925644,19304127,18,11,2020,Q4
17-11-2020,58,58,56.333332,56.633331,41.778103,37552521,17,11,2020,Q4
14-11-2020,56.833332,58,56.599998,57.766666,42.614159,10134573,14,11,2020,Q4
13-11-2020,56,56.766666,55.799999,56.5,41.679745,16663137,13,11,2020,Q4
12-11-2020,56.666664,57,55.966667,56.866665,41.95023,20550207,12,11,2020,Q4
11-11-2020,56.166664,56.799999,55.433334,56.666664,41.802696,27599802,11,11,2020,Q4
10-11-2020,54.066666,56.299999,54.066666,56.166664,41.433849,32965273,10,11,2020,Q4
09-11-2020,53.633331,54.299999,53.400002,54.133331,39.933868,23981305,9,11,2020,Q4
06-11-2020,53.333332,53.933334,53.133331,53.5,39.466667,22566856,6,11,2020,Q4
05-11-2020,52.466667,53.466667,52.166664,53.200001,39.245358,29509615,5,11,2020,Q4
04-11-2020,52,52.333332,51.233334,51.966667,38.335533,16097115,4,11,2020,Q4
03-11-2020,52.033333,52.733334,51.599998,52,38.360123,22913029,3,11,2020,Q4
02-11-2020,53.366665,53.666664,51.700001,52.133331,38.458481,28796602,2,11,2020,Q4
30-10-2020,53.333332,54.599998,52.666664,53.033333,39.122402,82144678,30,10,2020,Q4
29-10-2020,51.133331,52.599998,50.799999,52.266666,38.556839,28496598,29,10,2020,Q4
28-10-2020,52.066666,52.233334,51.400002,52.033333,38.384712,17121504,28,10,2020,Q4
27-10-2020,51.700001,52.333332,50.733334,52.066666,38.409306,22736478,27,10,2020,Q4
26-10-2020,52.166664,52.799999,52,52.066666,38.409306,18775899,26,10,2020,Q4
23-10-2020,51.799999,52.833332,51.799999,52.166664,38.48307,20601655,23,10,2020,Q4
22-10-2020,50.566666,52.166664,50.333332,51.799999,38.212585,32920879,22,10,2020,Q4
21-10-2020,50.5,51.166664,50.266666,50.666664,37.376522,42114562,21,10,2020,Q4
20-10-2020,51.066666,51.133331,49.933334,50.033333,36.909325,28033734,20,10,2020,Q4
19-10-2020,49.733334,51.599998,49.733334,51.200001,37.76997,34811296,19,10,2020,Q4
16-10-2020,49.733334,50.133331,49.233334,49.466667,36.491295,34841572,16,10,2020,Q4
15-10-2020,49.766666,50.533333,49.333332,49.700001,36.663425,26723415,15,10,2020,Q4
14-10-2020,50.133331,50.599998,49.166664,49.766666,36.712605,29406442,14,10,2020,Q4
13-10-2020,50.366665,50.900002,49.700001,50.733334,37.425709,19361826,13,10,2020,Q4
12-10-2020,51,51.633331,50.066666,50.466667,37.228989,17767720,12,10,2020,Q4
09-10-2020,49.733334,51.666664,49.733334,51,37.622429,27042081,9,10,2020,Q4
08-10-2020,50.066666,50.533333,49.533333,50.333332,37.13063,19814497,8,10,2020,Q4
07-10-2020,50.099998,50.366665,49.533333,50.133331,36.983093,22736065,7,10,2020,Q4
06-10-2020,50.766666,50.833332,49.799999,50.233334,37.056862,24136560,6,10,2020,Q4
05-10-2020,49.666664,50.766666,49.200001,50.366665,37.155212,24256462,5,10,2020,Q4
01-10-2020,49.299999,50,48.966667,49.400002,36.442116,21384946,1,10,2020,Q4
30-09-2020,49.900002,50.299999,48.666664,49.266666,36.343754,28453927,30,9,2020,Q3
29-09-2020,50.666664,50.833332,49.366665,49.900002,36.810963,22316817,29,9,2020,Q3
28-09-2020,50,51.066666,49.533333,50.433334,37.204399,24144234,28,9,2020,Q3
25-09-2020,48.233334,49.599998,47.900002,49.400002,36.442116,37129638,25,9,2020,Q3
24-09-2020,50,50.133331,47.766666,48,35.409344,36837364,24,9,2020,Q3
23-09-2020,51,51.466667,50.233334,50.633331,37.351933,28680514,23,9,2020,Q3
22-09-2020,52.066666,52.266666,50.266666,50.766666,37.450298,30794221,22,9,2020,Q3
21-09-2020,53.866665,54,51.333332,51.799999,38.212585,33783609,21,9,2020,Q3
18-09-2020,55.066666,55.233334,53.5,53.799999,39.687973,31549788,18,9,2020,Q3
17-09-2020,54.933334,55.200001,54.266666,54.533333,40.228951,19320018,17,9,2020,Q3
16-09-2020,54.833332,55.366665,54.299999,55.133331,40.671558,19186668,16,9,2020,Q3
15-09-2020,55.133331,55.599998,54.533333,54.833332,40.450256,17563498,15,9,2020,Q3
14-09-2020,55.466667,55.866665,54.900002,55.133331,40.671558,17809224,14,9,2020,Q3
11-09-2020,55.533333,56,54.700001,55.400002,40.868286,26782867,11,9,2020,Q3
10-09-2020,53.799999,55.966667,53.799999,55.700001,41.089592,44145243,10,9,2020,Q3
09-09-2020,55.133331,55.233334,52.866665,53.700001,39.614204,36580713,9,9,2020,Q3
08-09-2020,55.966667,56.266666,55.033333,55.166664,40.696152,24253434,8,9,2020,Q3
07-09-2020,56.333332,56.633331,54.533333,55.866665,41.21254,22352622,7,9,2020,Q3
04-09-2020,56,56.566666,55.166664,55.933334,41.261723,19053739,4,9,2020,Q3
03-09-2020,57.133331,57.700001,56.299999,56.733334,41.851875,21040962,3,9,2020,Q3
02-09-2020,56.933334,57.099998,56.366665,56.866665,41.95023,18785175,2,9,2020,Q3
01-09-2020,57.200001,57.733334,55.666664,56.433334,41.630566,41665981,1,9,2020,Q3
31-08-2020,59,61.166664,56.900002,57.200001,42.196133,106272406,31,8,2020,Q3
28-08-2020,58.533333,59.333332,58.266666,58.533333,43.179726,26414010,28,8,2020,Q3
27-08-2020,58.766666,58.933334,58.033333,58.133331,42.884647,23164723,27,8,2020,Q3
26-08-2020,59.200001,59.233334,58.400002,58.599998,43.228901,24184395,26,8,2020,Q3
25-08-2020,58.900002,59.366665,58.400002,58.866665,43.425621,29319889,25,8,2020,Q3
24-08-2020,59.299999,59.599998,58.733334,58.900002,43.450218,14608251,24,8,2020,Q3
21-08-2020,59.966667,60.299999,59.066666,59.233334,43.696114,28550986,21,8,2020,Q3
20-08-2020,58.599998,59.799999,58.066666,59.366665,43.794468,48216841,20,8,2020,Q3
19-08-2020,58.066666,59.333332,58.066666,58.666664,43.278084,36676200,19,8,2020,Q3
18-08-2020,58.066666,58.599998,57.766666,58,42.786289,20316855,18,8,2020,Q3
17-08-2020,56.833332,58.5,56.766666,58.366665,43.056774,29222049,17,8,2020,Q3
14-08-2020,58.333332,58.333332,56.366665,56.533333,41.70433,29847123,14,8,2020,Q3
13-08-2020,57.599998,58.033333,57.299999,57.900002,42.712517,17667426,13,8,2020,Q3
12-08-2020,58.033333,58.166664,57.133331,57.233334,42.220726,32229642,12,8,2020,Q3
11-08-2020,58.133331,58.799999,57.933334,58.033333,42.810879,25075380,11,8,2020,Q3
10-08-2020,57.733334,58.466667,57.466667,58.066666,42.835468,24383290,10,8,2020,Q3
07-08-2020,58.466667,58.933334,57.099998,57.599998,42.491207,33404328,7,8,2020,Q3
06-08-2020,57.866665,58.799999,57.533333,58.133331,42.884647,29495152,6,8,2020,Q3
05-08-2020,58,58.700001,57.533333,57.733334,42.589569,32501715,5,8,2020,Q3
04-08-2020,57.533333,58.299999,57.200001,57.966667,42.7617,38247546,4,8,2020,Q3
03-08-2020,58.900002,58.900002,56.933334,57.466667,42.392853,47168151,3,8,2020,Q3
31-07-2020,59.533333,59.966667,58.166664,58.966667,43.499397,62121741,31,7,2020,Q3
30-07-2020,61.333332,61.666664,58.400002,59.033333,43.548573,65433094,30,7,2020,Q3
29-07-2020,61.533333,62.466667,61.366665,61.733334,45.540348,22325277,29,7,2020,Q3
28-07-2020,62.5,63.5,61.766666,62.266666,45.933792,36878059,28,7,2020,Q3
27-07-2020,62.400002,63.766666,60.933334,62.5,46.105919,58704537,27,7,2020,Q3
24-07-2020,62.599998,63.066666,61.200001,61.866665,45.638706,33916906,24,7,2020,Q3
23-07-2020,61.166664,63.633331,60.799999,62.866665,46.3764,67380397,23,7,2020,Q3
22-07-2020,62.366665,62.799999,61,61.333332,45.245266,45722652,22,7,2020,Q3
21-07-2020,58.866665,63.133331,58.466667,62.299999,45.958378,140856196,21,7,2020,Q3
20-07-2020,57.966667,59,57.433334,58.866665,43.425621,30911083,20,7,2020,Q3
17-07-2020,56.433334,58.466667,55.700001,57.933334,42.73711,76724497,17,7,2020,Q3
16-07-2020,56.966667,57.033333,55,56.166664,41.433849,33913996,16,7,2020,Q3
15-07-2020,57.866665,58,56.733334,57.099998,42.122364,24790735,15,7,2020,Q3
14-07-2020,57.833332,58.533333,57.266666,57.599998,42.491207,23018217,14,7,2020,Q3
13-07-2020,58,58.5,57.466667,58.266666,42.983006,24988323,13,7,2020,Q3
10-07-2020,57.633331,57.700001,56.933334,57.433334,42.368263,16636411,10,7,2020,Q3
09-07-2020,58.299999,58.966667,57.333332,57.666664,42.54039,22957249,9,7,2020,Q3
08-07-2020,57.5,59.266666,57.366665,57.966667,42.7617,25017399,8,7,2020,Q3
07-07-2020,58.666664,58.700001,57.266666,57.433334,42.368263,19184709,7,7,2020,Q3
06-07-2020,58.700001,59.566666,58,58.633331,43.25349,20282865,6,7,2020,Q3
03-07-2020,58.933334,59.400002,58.133331,58.566666,43.204311,14983935,3,7,2020,Q3
02-07-2020,57.666664,59.266666,57.299999,58.900002,43.450218,34968828,2,7,2020,Q3
01-07-2020,57.099998,57.433334,56.200001,57.099998,42.122364,21495316,1,7,2020,Q3
30-06-2020,58.866665,58.966667,56.5,56.900002,41.974827,24516958,30,6,2020,Q2
29-06-2020,59.666664,60.466667,57.666664,58.066666,42.835468,32176755,29,6,2020,Q2
26-06-2020,57.266666,59.966667,57.166664,59.433334,43.843651,69744400,26,6,2020,Q2
25-06-2020,56.799999,58.733334,56.466667,56.700001,41.827286,38596161,25,6,2020,Q2
24-06-2020,60.333332,60.333332,57.366665,58.066666,42.835468,44463766,24,6,2020,Q2
23-06-2020,59.200001,60.333332,58.766666,59.566666,43.942005,47684919,23,6,2020,Q2
22-06-2020,57.233334,58.866665,57,58.700001,43.302677,33907947,22,6,2020,Q2
19-06-2020,57.333332,57.400002,56.466667,56.866665,41.95023,32306059,19,6,2020,Q2
18-06-2020,56.200001,57,55.833332,56.566666,41.728924,22264542,18,6,2020,Q2
17-06-2020,56.333332,57.233334,55.900002,56.233334,41.483028,18840036,17,6,2020,Q2
16-06-2020,58.233334,58.833332,55.900002,56.566666,41.728924,27930165,16,6,2020,Q2
15-06-2020,58.766666,58.799999,57.266666,57.466667,42.392853,52647790,15,6,2020,Q2
12-06-2020,56.666664,59.033333,56.666664,58.866665,43.425621,32426287,12,6,2020,Q2
11-06-2020,60.066666,62.233334,58.599998,58.900002,43.450218,44547292,11,6,2020,Q2
10-06-2020,60.400002,61.299999,59.400002,59.966667,44.237087,20502175,10,6,2020,Q2
09-06-2020,62.233334,62.400002,60.066666,60.433334,44.581348,25168882,9,6,2020,Q2
08-06-2020,61.933334,64.266663,61.400002,62.066666,45.786247,59083390,8,6,2020,Q2
05-06-2020,57.733334,60.033333,57.466667,59.599998,43.966599,36188166,5,6,2020,Q2
04-06-2020,57.366665,57.766666,56.066666,57.266666,42.245312,43910230,4,6,2020,Q2
03-06-2020,57.533333,59.266666,57.400002,58,42.786289,29209218,3,6,2020,Q2
02-06-2020,57.733334,57.900002,56.5,57.200001,42.196133,26984125,2,6,2020,Q2
01-06-2020,56.866665,58.166664,56.333332,57.433334,42.368263,44693584,1,6,2020,Q2
29-05-2020,51.799999,56.466667,51.466667,55.466667,40.917465,51853494,29,5,2020,Q2
28-05-2020,51.599998,52.533333,51.466667,51.799999,38.212585,14966770,28,5,2020,Q2
27-05-2020,51.466667,51.966667,50.666664,51.700001,38.138813,21470166,27,5,2020,Q2
26-05-2020,51.066666,51.900002,50.766666,51.433334,37.942097,23229154,26,5,2020,Q2
22-05-2020,49.166664,50.599998,48.533333,50.333332,37.13063,21714805,22,5,2020,Q2
21-05-2020,49.400002,49.966667,48.666664,49.633331,36.614239,15359784,21,5,2020,Q2
20-05-2020,48.233334,49.666664,47.933334,49.400002,36.442116,19387255,20,5,2020,Q2
19-05-2020,48.566666,48.933334,47.866665,48.033333,35.433937,18603873,19,5,2020,Q2
18-05-2020,50.366665,50.533333,47.433334,47.700001,35.188034,26546949,18,5,2020,Q2
15-05-2020,50.5,50.933334,50.133331,50.333332,37.13063,23720979,15,5,2020,Q2
14-05-2020,50.666664,50.966667,50,50.099998,36.958504,13589103,14,5,2020,Q2
13-05-2020,51.933334,51.933334,50.5,50.666664,37.376522,27360669,13,5,2020,Q2
12-05-2020,50.566666,51.133331,49.733334,49.933334,36.835556,24453981,12,5,2020,Q2
11-05-2020,50.366665,50.866665,49.866665,50.233334,37.056862,19354492,11,5,2020,Q2
08-05-2020,50.733334,51.333332,49.366665,49.566666,36.565063,21801681,8,5,2020,Q2
07-05-2020,51.233334,51.333332,50.400002,50.5,37.253578,20133519,7,5,2020,Q2
06-05-2020,51.200001,51.533333,48.533333,51.033333,37.647011,39446902,6,5,2020,Q2
05-05-2020,54,54.666664,52.266666,52.466667,38.70438,20327146,5,5,2020,Q2
04-05-2020,55.099998,55.133331,53,53.166664,39.220764,18414820,4,5,2020,Q2
30-04-2020,54.366665,56.333332,54.200001,56.133331,41.409252,31786479,30,4,2020,Q2
29-04-2020,53.333332,54.099998,53.200001,53.666664,39.589611,18324982,29,4,2020,Q2
28-04-2020,54.733334,55,52.866665,53.099998,39.171581,27725482,28,4,2020,Q2
27-04-2020,54.933334,55.366665,54.200001,54.333332,40.081406,9480783,27,4,2020,Q2
24-04-2020,54.833332,56.266666,54.066666,54.333332,40.081406,15625792,24,4,2020,Q2
23-04-2020,55.599998,56.666664,55.200001,55.400002,40.868286,13770837,23,4,2020,Q2
22-04-2020,55.299999,55.833332,52.766666,55.333332,40.819103,22974556,22,4,2020,Q2
21-04-2020,57.866665,57.866665,55,55.333332,40.819103,20456791,21,4,2020,Q2
20-04-2020,58.5,59.666664,57.166664,58.366665,43.056774,26531673,20,4,2020,Q2
17-04-2020,57.366665,57.866665,56.666664,57.333332,42.294495,13740103,17,4,2020,Q2
16-04-2020,55.5,57.200001,55.033333,56.466667,41.655155,17985256,16,4,2020,Q2
15-04-2020,56,57.533333,55.200001,55.466667,40.917465,20492952,15,4,2020,Q2
13-04-2020,56.333332,56.333332,54.533333,55.433334,40.892876,14518111,13,4,2020,Q2
09-04-2020,55.133331,56.133331,54.566666,55.599998,41.015827,20377549,9,4,2020,Q2
08-04-2020,55.233334,57.333332,54.066666,54.5,40.204353,30641683,8,4,2020,Q2
07-04-2020,54.666664,55.799999,53.333332,55.333332,40.819103,24115600,7,4,2020,Q2
03-04-2020,54,54.733334,51.066666,53,39.097809,25509141,3,4,2020,Q2
01-04-2020,54.433334,54.799999,52,52.633331,38.827328,15719215,1,4,2020,Q2
31-03-2020,52,55,51.366665,54.433334,40.155178,36416907,31,3,2020,Q1
30-03-2020,50,52.200001,49.633331,51.200001,37.76997,17237094,30,3,2020,Q1
27-03-2020,52.333332,53.433334,50.700001,51.266666,37.819141,20163504,27,3,2020,Q1
26-03-2020,52,52.333332,49.766666,52,38.360123,27474744,26,3,2020,Q1
25-03-2020,51.866665,53.966667,51.333332,51.900002,38.286354,27131977,25,3,2020,Q1
24-03-2020,55.266666,56,51.766666,53.133331,39.196171,23489107,24,3,2020,Q1
23-03-2020,54.666664,58.166664,53.333332,53.833332,39.712563,21036792,23,3,2020,Q1
20-03-2020,59.333332,61.966667,58.733334,60.400002,42.466625,30046032,20,3,2020,Q1
19-03-2020,56.299999,60.533333,54.933334,58.633331,41.224491,31804096,19,3,2020,Q1
18-03-2020,60.166664,60.900002,57.633331,58.400002,41.060444,27207225,18,3,2020,Q1
17-03-2020,60,62.333332,59.299999,59.599998,41.904144,25862538,17,3,2020,Q1
16-03-2020,60.266666,61.733334,58.433334,59.799999,42.044769,44735226,16,3,2020,Q1
13-03-2020,53.533333,62.166664,50.666664,61.5,43.240017,62382150,13,3,2020,Q1
12-03-2020,62,62.433334,58.166664,58.599998,41.201054,42261342,12,3,2020,Q1
11-03-2020,66.699997,66.73333,63.366665,64.599998,45.419594,30382858,11,3,2020,Q1
09-03-2020,68.199997,70.166664,65.333336,66.266663,46.591412,49467889,9,3,2020,Q1
06-03-2020,67.866669,67.866669,66.199997,67.199997,47.247627,37025709,6,3,2020,Q1
05-03-2020,71.699997,72.266663,69.633331,69.866669,49.122536,15247762,5,3,2020,Q1
04-03-2020,71.199997,72.5,70.5,71.066666,49.966251,20416750,4,3,2020,Q1
03-03-2020,70.333336,71.866669,69.533333,71.099998,49.989685,19908892,3,3,2020,Q1
02-03-2020,72.300003,75.266663,68.73333,69.300003,48.724125,21871314,2,3,2020,Q1
28-02-2020,69.199997,71.599998,67.266663,70.5,49.567829,36326827,28,2,2020,Q1
27-02-2020,72.23333,72.23333,70,70.433334,49.520954,26486947,27,2,2020,Q1
26-02-2020,73.466667,74.199997,72,72.23333,50.786518,17215348,26,2,2020,Q1
25-02-2020,74.599998,75.300003,73.400002,73.633331,51.77084,16818484,25,2,2020,Q1
24-02-2020,75.199997,75.400002,73.433334,73.699997,51.817711,11890494,24,2,2020,Q1
20-02-2020,75.699997,76.300003,74.666664,74.866669,52.637985,16438315,20,2,2020,Q1
19-02-2020,75.866669,76.333336,75.099998,76.133331,53.528568,12031689,19,2,2020,Q1
18-02-2020,74.599998,76.73333,73.633331,75.099998,52.802036,21775992,18,2,2020,Q1
17-02-2020,76.666664,76.866669,74.166664,74.533333,52.403625,14507611,17,2,2020,Q1
14-02-2020,76.466667,77.133331,75.800003,76.73333,53.950417,17713123,14,2,2020,Q1
13-02-2020,76.633331,77.166664,76.166664,76.5,53.786369,13542210,13,2,2020,Q1
12-02-2020,77.366669,77.966667,76.433334,76.73333,53.950417,17915650,12,2,2020,Q1
11-02-2020,77.333336,78.266663,77.133331,77.366669,54.39571,15500902,11,2,2020,Q1
10-02-2020,78.266663,78.900002,76.833336,77.199997,54.278526,20656924,10,2,2020,Q1
07-02-2020,77.800003,78.5,76.666664,78.333336,55.075367,16255411,7,2,2020,Q1
06-02-2020,77,78.333336,76.933334,78.033333,54.864429,19620445,6,2,2020,Q1
05-02-2020,76.566666,77.23333,75.933334,76.466667,53.762932,23615974,5,2,2020,Q1
04-02-2020,73.333336,76.133331,73,75.866669,53.341076,31528422,4,2,2020,Q1
03-02-2020,73.366669,74.933334,71.699997,72.033333,50.645897,37608319,3,2,2020,Q1
31-01-2020,79.033333,79.033333,75.066666,75.633331,53.177013,55113961,31,1,2020,Q1
30-01-2020,79.933334,79.966667,77.466667,78.099998,54.911308,42007012,30,1,2020,Q1
29-01-2020,79.199997,79.966667,78.533333,78.866669,55.45034,32001970,29,1,2020,Q1
28-01-2020,78.766663,79.73333,77.566666,78.599998,55.262852,31914822,28,1,2020,Q1
27-01-2020,79.5,80.133331,78,78.300003,55.051929,20398282,27,1,2020,Q1
24-01-2020,81,81.099998,79.400002,79.766663,56.083118,39238492,24,1,2020,Q1
23-01-2020,76.73333,80.599998,76.699997,78.900002,55.473774,314893702,23,1,2020,Q1
22-01-2020,77.766663,77.933334,74.633331,75.766663,53.270763,107592835,22,1,2020,Q1
21-01-2020,78.666664,78.966667,76.166664,76.533333,53.809803,69767703,21,1,2020,Q1
20-01-2020,78.633331,79.800003,75.800003,78.333336,55.075367,67893711,20,1,2020,Q1
17-01-2020,82.766663,82.833336,81.533333,81.766663,57.489296,11573763,17,1,2020,Q1
16-01-2020,84.033333,84.333336,82.666664,82.766663,58.192398,10577692,16,1,2020,Q1
15-01-2020,84.633331,84.666664,83.333336,83.800003,58.918919,7152738,15,1,2020,Q1
14-01-2020,85.066666,85.466667,84.433334,84.599998,59.481388,6732202,14,1,2020,Q1
13-01-2020,83.933334,85.066666,83.533333,84.633331,59.504826,8621076,13,1,2020,Q1
10-01-2020,83.333336,83.833336,82.699997,83.633331,58.801727,12566014,10,1,2020,Q1
09-01-2020,83.266663,83.666664,81.900002,83,58.356449,13828252,9,1,2020,Q1
08-01-2020,82.033333,82.599998,81,81.23333,57.114323,13328638,8,1,2020,Q1
07-01-2020,83.533333,84.966667,82.73333,83.033333,58.37989,12677539,7,1,2020,Q1
06-01-2020,84.333336,84.333336,83,83.266663,58.543938,18947248,6,1,2020,Q1
03-01-2020,84.333336,85,84.099998,84.566666,59.457962,13278157,3,1,2020,Q1
02-01-2020,84.133331,84.800003,84,84.666664,59.528259,3838770,2,1,2020,Q1
01-01-2020,83.966667,84.5,83.833336,83.966667,59.036102,3191238,1,1,2020,Q1
31-12-2019,84.366669,85,83.333336,83.699997,58.84861,7574391,31,12,2019,Q4
30-12-2019,84.866669,85.066666,84.099998,84.400002,59.340778,5469745,30,12,2019,Q4
27-12-2019,83.933334,85.066666,83.366669,84.866669,59.66888,7876561,27,12,2019,Q4
26-12-2019,84.666664,85,83.066666,83.400002,58.637688,17825301,26,12,2019,Q4
24-12-2019,84.666664,85.73333,84.133331,84.933334,59.715759,9383557,24,12,2019,Q4
23-12-2019,84.966667,86,84.033333,84.300003,59.270462,12202446,23,12,2019,Q4
20-12-2019,84.699997,86.066666,84.666664,84.933334,59.715759,10093686,20,12,2019,Q4
19-12-2019,84.266663,85.133331,83.533333,84.933334,59.715759,6440647,19,12,2019,Q4
18-12-2019,83.333336,84.23333,83.033333,84.033333,59.082977,6968490,18,12,2019,Q4
17-12-2019,83.73333,84.5,83.23333,83.766663,58.895477,7701295,17,12,2019,Q4
16-12-2019,85.633331,85.633331,83.866669,84.099998,59.129852,5665537,16,12,2019,Q4
13-12-2019,85.766663,86.466667,85.066666,85.5,60.114178,8142712,13,12,2019,Q4
12-12-2019,84.333336,85.599998,83.533333,85.400002,60.043861,8733690,12,12,2019,Q4
11-12-2019,82.033333,84.066666,81.766663,83.699997,58.84861,12443683,11,12,2019,Q4
10-12-2019,83.666664,84.333336,81.23333,81.699997,57.442425,8041794,10,12,2019,Q4
09-12-2019,82.933334,84.23333,82.933334,83.666664,58.825169,6921060,9,12,2019,Q4
06-12-2019,83.933334,84.599998,82.566666,82.933334,58.309578,9266257,6,12,2019,Q4
05-12-2019,84.300003,85.966667,83.866669,83.966667,59.036102,13060678,5,12,2019,Q4
04-12-2019,85.300003,86.266663,84.333336,84.566666,59.457962,8493132,4,12,2019,Q4
03-12-2019,85.966667,86.333336,85.099998,85.666664,60.231346,7734715,3,12,2019,Q4
02-12-2019,87.666664,87.73333,85.333336,85.766663,60.301662,10278105,2,12,2019,Q4
29-11-2019,88.666664,89.133331,87.133331,87.599998,61.590664,9487785,29,11,2019,Q4
28-11-2019,87.300003,88.599998,86.73333,88.366669,62.1297,14678619,28,11,2019,Q4
27-11-2019,86.23333,87.766663,86.033333,87.400002,61.450031,9343426,27,11,2019,Q4
26-11-2019,87.133331,88.466667,85.833336,86.199997,60.606331,20732623,26,11,2019,Q4
25-11-2019,86.533333,87.800003,86.099998,87.23333,61.332859,8150970,25,11,2019,Q4
22-11-2019,85.766663,86.933334,85.566666,86.533333,60.840702,10093644,22,11,2019,Q4
21-11-2019,87.599998,87.866669,85.599998,85.933334,60.41885,13726644,21,11,2019,Q4
20-11-2019,89.133331,89.5,86.533333,87.266663,61.356297,27013942,20,11,2019,Q4
19-11-2019,88.266663,89.066666,87.833336,88.666664,62.340618,8934270,19,11,2019,Q4
18-11-2019,88,88.800003,87.466667,88.366669,62.1297,11981551,18,11,2019,Q4
15-11-2019,91.23333,91.266663,87.466667,87.800003,61.731274,16885014,15,11,2019,Q4
14-11-2019,88.800003,93.333336,87.599998,91.23333,64.14521,23579434,14,11,2019,Q4
13-11-2019,90.400002,90.400002,88.766663,89.23333,62.739037,8712457,13,11,2019,Q4
11-11-2019,89.533333,90.633331,89.133331,90.400002,63.559307,9336970,11,11,2019,Q4
08-11-2019,90.633331,90.633331,89.133331,89.366669,62.83279,9857605,8,11,2019,Q4
07-11-2019,91.133331,91.199997,90.066666,90.566666,63.676487,9818919,7,11,2019,Q4
06-11-2019,91.566666,92.099998,90.199997,90.400002,63.559307,15931596,6,11,2019,Q4
05-11-2019,92,93,90.800003,91.333336,64.21553,13484688,5,11,2019,Q4
04-11-2019,95.099998,95.133331,92.066666,92.466667,65.012367,17324739,4,11,2019,Q4
01-11-2019,94,96,93.5,95.099998,66.863838,27437761,1,11,2019,Q4
31-10-2019,98.666664,99.166664,95.766663,97.866669,68.809052,21676339,31,10,2019,Q4
30-10-2019,97.666664,99.300003,97.033333,98.099998,68.973091,16530081,30,10,2019,Q4
29-10-2019,95.5,97.5,95.466667,96.23333,67.66066,14290651,29,10,2019,Q4
27-10-2019,95.599998,95.633331,94.766663,95.133331,66.88726,942670,27,10,2019,Q4
25-10-2019,95,96.266663,93.366669,94.73333,66.606033,14666973,25,10,2019,Q4
24-10-2019,96.433334,96.633331,94,94.199997,66.231056,11870892,24,10,2019,Q4
23-10-2019,96.966667,98.366669,96.066666,96.333336,67.730972,10717882,23,10,2019,Q4
22-10-2019,98.066666,98.73333,97.033333,97.633331,68.644989,17862102,22,10,2019,Q4
18-10-2019,97.400002,98.800003,96.5,97.066666,68.246574,20861931,18,10,2019,Q4
17-10-2019,97.266663,98,95.833336,97.599998,68.621552,14331837,17,10,2019,Q4
16-10-2019,98.166664,99.333336,96.666664,97.033333,68.223145,19778781,16,10,2019,Q4
15-10-2019,96.666664,98.900002,96.666664,97.633331,68.644989,14761507,15,10,2019,Q4
14-10-2019,96,98.266663,96,96.5,67.848167,16735335,14,10,2019,Q4
11-10-2019,98.133331,98.566666,93.766663,95.599998,67.215385,17998872,11,10,2019,Q4
10-10-2019,98.800003,99.766663,97.73333,98.800003,69.465263,21194271,10,10,2019,Q4
09-10-2019,98.366669,100,98,98.800003,69.465263,25485772,9,10,2019,Q4
07-10-2019,99.933334,100.633331,97.866669,99.133331,69.699623,22414273,7,10,2019,Q4
04-10-2019,102.166664,102.533333,98.199997,100.699997,70.801132,27389229,4,10,2019,Q4
03-10-2019,100.599998,102.633331,99.699997,101.166664,71.12925,38254668,3,10,2019,Q4
01-10-2019,99.866669,104,96.766663,99.033333,69.629333,41089458,1,10,2019,Q4
30-09-2019,97.633331,98.666664,95.333336,98.266663,69.090279,24103932,30,9,2019,Q3
27-09-2019,97.73333,98.533333,96.099998,97.033333,68.223145,20673976,27,9,2019,Q3
26-09-2019,94.633331,99.633331,94.266663,96.366669,67.75441,56406777,26,9,2019,Q3
25-09-2019,92.166664,95.199997,91.333336,93.800003,65.949814,23046780,25,9,2019,Q3
24-09-2019,95,95,91.23333,92.466667,65.012367,25178299,24,9,2019,Q3
23-09-2019,89.666664,96.366669,89.666664,95.099998,66.863838,34087725,23,9,2019,Q3
20-09-2019,83.966667,91.033333,82.333336,88.366669,62.1297,42220702,20,9,2019,Q3
19-09-2019,85.533333,85.833336,83.599998,84.133331,59.153278,10936854,19,9,2019,Q3
18-09-2019,85.066666,85.73333,83.533333,85.433334,60.067303,18227277,18,9,2019,Q3
17-09-2019,85.166664,85.533333,83.166664,83.466667,58.684551,17868168,17,9,2019,Q3
16-09-2019,84,86.366669,83.099998,85.699997,60.254791,34013268,16,9,2019,Q3
13-09-2019,83.533333,87.333336,82.5,86.73333,60.981319,38290122,13,9,2019,Q3
12-09-2019,84.466667,86,82.666664,82.933334,58.309578,16944511,12,9,2019,Q3
11-09-2019,84,85.599998,83.533333,84.033333,59.082977,11476779,11,9,2019,Q3
09-09-2019,84.699997,85.166664,83.699997,84.433334,59.364212,8686777,9,9,2019,Q3
06-09-2019,83.433334,85.166664,82.333336,84.633331,59.504826,18961717,6,9,2019,Q3
05-09-2019,80.400002,86.133331,80.400002,83.133331,58.450195,37819870,5,9,2019,Q3
04-09-2019,78.933334,80.633331,77.866669,80.23333,56.411228,14317494,4,9,2019,Q3
03-09-2019,78.5,79.566666,77.5,78.166664,54.958179,20300770,3,9,2019,Q3
30-08-2019,82.800003,82.966667,80,81.633331,57.395561,15362334,30,8,2019,Q3
29-08-2019,82.133331,85.466667,81.033333,82.433334,57.958035,58343403,29,8,2019,Q3
28-08-2019,83.933334,84.599998,81.133331,81.933334,57.606495,18607672,28,8,2019,Q3
27-08-2019,84.300003,85.333336,83.333336,83.833336,58.942356,25250292,27,8,2019,Q3
26-08-2019,82.73333,84.133331,79.766663,83.666664,58.825169,19315353,26,8,2019,Q3
23-08-2019,78,82.766663,77.5,81.866669,57.559608,12087112,23,8,2019,Q3
22-08-2019,80.699997,81,77.599998,78.533333,55.215984,13878937,22,8,2019,Q3
21-08-2019,82.599998,82.800003,80.266663,80.699997,56.739342,16718706,21,8,2019,Q3
20-08-2019,84,84.066666,82.266663,82.800003,57.747105,9781873,20,8,2019,Q3
19-08-2019,84.23333,84.933334,83.533333,83.866669,58.491028,7162344,19,8,2019,Q3
16-08-2019,84.666664,84.933334,83.5,84.166664,58.700256,12083389,16,8,2019,Q3
14-08-2019,83.933334,85.599998,82.800003,84.300003,58.793243,12453084,14,8,2019,Q3
13-08-2019,86.866669,87.900002,83.366669,83.933334,58.537521,18819502,13,8,2019,Q3
09-08-2019,87.066666,87.533333,86.033333,87,60.676304,17662095,9,8,2019,Q3
08-08-2019,86.933334,87.466667,85.099998,87.23333,60.839039,15512527,8,8,2019,Q3
07-08-2019,89,89,85.666664,86,59.97887,23951340,7,8,2019,Q3
06-08-2019,87.900002,89.23333,86.966667,88.266663,61.559704,18832677,6,8,2019,Q3
05-08-2019,89.333336,89.800003,87.5,88.166664,61.489967,15360087,5,8,2019,Q3
02-08-2019,91.866669,92.666664,88.900002,90.166664,62.88483,19395661,2,8,2019,Q3
01-08-2019,91.966667,94.599998,90.066666,91.300003,63.675247,15873007,1,8,2019,Q3
31-07-2019,88,93.599998,88,92.866669,64.767883,30858156,31,7,2019,Q3
30-07-2019,92.666664,92.666664,88.699997,89,62.071171,25482757,30,7,2019,Q3
29-07-2019,95.333336,95.333336,90.966667,92.166664,64.279686,32119935,29,7,2019,Q3
26-07-2019,97.5,97.566666,94.066666,94.533333,65.930275,20334171,26,7,2019,Q3
25-07-2019,98.666664,98.666664,96.900002,97.766663,68.185272,74886949,25,7,2019,Q3
24-07-2019,97.866669,99.166664,96.666664,98.633331,68.789726,62059533,24,7,2019,Q3
23-07-2019,98.433334,99.133331,96.73333,98.23333,68.510757,70006978,23,7,2019,Q3
22-07-2019,96.666664,100.866669,96.633331,98.633331,68.789726,59575843,22,7,2019,Q3
19-07-2019,99.066666,99.966667,96.400002,97.666664,68.115555,21046065,19,7,2019,Q3
18-07-2019,97.900002,99.23333,96.800003,98.400002,68.626991,13402062,18,7,2019,Q3
17-07-2019,99.5,99.5,97.133331,97.900002,68.278297,11863383,17,7,2019,Q3
16-07-2019,97.333336,98.666664,96.966667,98.033333,68.371269,11981577,16,7,2019,Q3
15-07-2019,97.23333,98.23333,96.333336,96.933334,67.604103,12237261,15,7,2019,Q3
12-07-2019,98,98.599998,96.133331,97.900002,68.278297,50025513,12,7,2019,Q3
11-07-2019,98.333336,99.199997,97.166664,98.599998,68.766479,16857075,11,7,2019,Q3
10-07-2019,100.333336,101.23333,96.400002,98.766663,68.882713,18862581,10,7,2019,Q3
09-07-2019,96,101.800003,95.866669,100.933334,70.393822,48798828,9,7,2019,Q3
08-07-2019,100.599998,100.900002,95.633331,96.033333,66.976418,17948281,8,7,2019,Q3
05-07-2019,105,105,99.300003,101.466667,70.765778,20901478,5,7,2019,Q3
04-07-2019,103.666664,104.73333,103.533333,104.366669,72.788322,5150307,4,7,2019,Q3
03-07-2019,103.966667,104.800003,103.466667,104.099998,72.602341,10950993,3,7,2019,Q3
02-07-2019,101.699997,103.300003,101,103.133331,71.928162,10665576,2,7,2019,Q3
01-07-2019,103.933334,104.133331,99.533333,101.099998,70.510048,18802408,1,7,2019,Q3
28-06-2019,104.866669,105.333336,103.699997,103.933334,72.486107,10498246,28,6,2019,Q2
27-06-2019,103.166664,104.900002,103,104.400002,72.811569,26932522,27,6,2019,Q2
26-06-2019,102.066666,103.766663,101.699997,103.300003,72.044388,9415165,26,6,2019,Q2
25-06-2019,101.366669,103.333336,101.166664,103.066666,71.881668,8652688,25,6,2019,Q2
24-06-2019,102.066666,102.666664,100.533333,101.366669,70.696037,8383156,24,6,2019,Q2
21-06-2019,102.633331,104.23333,102.199997,102.566666,71.532951,18384975,21,6,2019,Q2
20-06-2019,102.933334,104.833336,102.933334,104.5,72.881302,7079536,20,6,2019,Q2
19-06-2019,103.966667,105.033333,101.866669,102.933334,71.788681,7183492,19,6,2019,Q2
18-06-2019,103.199997,105.333336,102.599998,105.099998,73.299767,7373532,18,6,2019,Q2
17-06-2019,106.433334,106.466667,103.033333,103.533333,72.20713,7014021,17,6,2019,Q2
14-06-2019,106.73333,107.699997,105.800003,106.533333,74.299416,6684984,14,6,2019,Q2
13-06-2019,108.800003,109,105.366669,107.133331,74.717865,11805598,13,6,2019,Q2
12-06-2019,108.666664,108.933334,107.400002,108.366669,75.578049,7065424,12,6,2019,Q2
11-06-2019,107.400002,108.633331,106.199997,108.333336,75.554794,8165502,11,6,2019,Q2
10-06-2019,108.933334,109,106.099998,107.099998,74.694626,10358887,10,6,2019,Q2
07-06-2019,108.666664,109.833336,107.766663,109.199997,76.159225,9475417,7,6,2019,Q2
06-06-2019,111.533333,112.5,107.833336,109.033333,76.042992,15166980,6,6,2019,Q2
04-06-2019,113.333336,113.333336,109.800003,110.23333,76.879913,14272732,4,6,2019,Q2
03-06-2019,111.866669,113.833336,111.366669,113.133331,78.902435,27672769,3,6,2019,Q2
31-05-2019,109.333336,112.533333,108.633331,110.366669,76.9729,31756585,31,5,2019,Q2
30-05-2019,107,108.933334,106.266663,107.966667,75.299057,32150113,30,5,2019,Q2
29-05-2019,109.73333,109.933334,106.266663,106.900002,74.555145,13098957,29,5,2019,Q2
28-05-2019,108,109.333336,106.73333,108.966667,75.99649,24222063,28,5,2019,Q2
27-05-2019,104,108.566666,103.599998,108.133331,75.415283,18709338,27,5,2019,Q2
24-05-2019,106,106.566666,102.866669,104.533333,72.904556,25465098,24,5,2019,Q2
23-05-2019,105.666664,106.800003,102.266663,102.800003,71.695686,21660225,23,5,2019,Q2
22-05-2019,103.333336,104.5,101.5,103.633331,72.276863,13049395,22,5,2019,Q2
21-05-2019,105.333336,106.166664,101.599998,102.333336,71.370224,12969838,21,5,2019,Q2
20-05-2019,103.333336,105.900002,100.73333,105.099998,73.299767,18816490,20,5,2019,Q2
17-05-2019,100,101.766663,97.900002,99.73333,69.556892,34143775,17,5,2019,Q2
16-05-2019,96.199997,101.533333,95.333336,100.766663,70.277565,17261152,16,5,2019,Q2
15-05-2019,96.666664,98.099998,95.866669,97.166664,67.766823,18739447,15,5,2019,Q2
14-05-2019,95.066666,96.566666,94.333336,95.73333,66.767181,13879179,14,5,2019,Q2
13-05-2019,97.466667,98.566666,94.666664,95.066666,66.302231,14569303,13,5,2019,Q2
10-05-2019,99.933334,100.166664,98.033333,98.400002,68.626991,10831261,10,5,2019,Q2
09-05-2019,101.466667,101.966667,100,100.400002,70.021851,7252297,9,5,2019,Q2
08-05-2019,102.666664,103.466667,101.133331,101.466667,70.765778,8682891,8,5,2019,Q2
07-05-2019,104.466667,104.466667,101.466667,102.300003,71.346962,12620941,7,5,2019,Q2
06-05-2019,105,105.599998,103.433334,104.466667,72.858063,11921959,6,5,2019,Q2
03-05-2019,106.633331,106.666664,103.800003,104.099998,72.602341,10380483,3,5,2019,Q2
02-05-2019,106,106.866669,104.133331,105.400002,73.509003,17787885,2,5,2019,Q2
30-04-2019,103.333336,106,102.433334,105.366669,73.485748,21234391,30,4,2019,Q2
26-04-2019,102.599998,104.73333,101,101.900002,71.068001,17975994,26,4,2019,Q2
25-04-2019,102.400002,103.633331,101.23333,101.800003,70.998253,43159665,25,4,2019,Q2
24-04-2019,100.666664,102.766663,100.300003,102.533333,71.509689,17801275,24,4,2019,Q2
23-04-2019,99.599998,100.599998,97.900002,99.599998,69.463898,12625692,23,4,2019,Q2
22-04-2019,101.666664,101.833336,99.23333,99.833336,69.62664,18828481,22,4,2019,Q2
18-04-2019,104.966667,104.966667,102.766663,104.066666,72.579086,13763782,18,4,2019,Q2
16-04-2019,103.73333,105.666664,102.5,103.800003,72.393112,17539116,16,4,2019,Q2
15-04-2019,104.533333,105.333336,102.199997,102.666664,71.602684,14607574,15,4,2019,Q2
12-04-2019,105.900002,106.466667,103.366669,103.566666,72.23037,21515250,12,4,2019,Q2
11-04-2019,104.400002,107.866669,104.099998,105.300003,73.439262,22679952,11,4,2019,Q2
10-04-2019,103.166664,105.566666,102.300003,104.400002,72.811569,13325952,10,4,2019,Q2
09-04-2019,99.333336,104,99.199997,103.599998,72.253632,22643701,9,4,2019,Q2
08-04-2019,104.933334,104.933334,101.133331,101.366669,70.696037,19062093,8,4,2019,Q2
05-04-2019,103.833336,106,103.599998,105.633331,73.67173,13427421,5,4,2019,Q2
04-04-2019,103,104.066666,102.23333,103.466667,72.160637,14047660,4,4,2019,Q2
03-04-2019,105.333336,106.433334,102,102.300003,71.346962,15855598,3,4,2019,Q2
02-04-2019,105.333336,106.599998,104.699997,105.433334,73.532242,16354749,2,4,2019,Q2
01-04-2019,108.73333,109.199997,104.533333,105.800003,73.787964,30261943,1,4,2019,Q2
28-03-2019,108,109.400002,106.900002,107.533333,74.996841,44148799,28,3,2019,Q1
27-03-2019,108,109.133331,106.933334,107.633331,75.066582,15999376,27,3,2019,Q1
26-03-2019,110.066666,113.166664,107,107.866669,74.531891,39595707,26,3,2019,Q1
25-03-2019,104.666664,110.599998,103.333336,109.566666,75.706528,35528448,25,3,2019,Q1
22-03-2019,105.866669,107.5,103.400002,104.699997,72.343842,46517671,22,3,2019,Q1
20-03-2019,108.5,108.5,103.800003,106,73.242081,54100771,20,3,2019,Q1
19-03-2019,110.666664,110.666664,107.833336,108.466667,74.94648,45605748,19,3,2019,Q1
18-03-2019,106.633331,110.800003,105.23333,108.533333,74.992538,62223189,18,3,2019,Q1
15-03-2019,101.800003,106.133331,100.466667,104.900002,72.48204,44451336,15,3,2019,Q1
